country,admin1,year,month,terrorist_events,fatalities,Civilians,External/Other Forces,Identity Militias,Political Militias,State Forces,Battles,Explosions/Remote violence,Strategic developments,Violence against civilians,total_events_lag_1,terrorist_events_lag_1,total_events_lag_2,terrorist_events_lag_2,total_events_lag_3,terrorist_events_lag_3,total_events_lag_4,terrorist_events_lag_4,total_events_lag_5,terrorist_events_lag_5,total_events_lag_6,terrorist_events_lag_6
Burkina Faso,Boucle du Mouhoun,2021,6,4,0,3,0,0,0,1,1,0,0,3,0.0,0.0,0.0,0.0,0.0,0.0,0.0,0.0,0.0,0.0,0.0,0.0
Burkina Faso,Boucle du Mouhoun,2021,7,7,0,7,0,0,0,0,0,0,0,7,4.0,4.0,0.0,0.0,0.0,0.0,0.0,0.0,0.0,0.0,0.0,0.0
Burkina Faso,Boucle du Mouhoun,2021,8,3,15,1,0,0,0,6,2,2,0,1,7.0,7.0,4.0,4.0,0.0,0.0,0.0,0.0,0.0,0.0,0.0,0.0
Burkina Faso,Boucle du Mouhoun,2021,9,13,3,9,0,0,1,5,0,5,7,2,5.0,3.0,7.0,7.0,4.0,4.0,0.0,0.0,0.0,0.0,0.0,0.0
Burkina Faso,Boucle du Mouhoun,2021,10,20,21,12,0,0,1,9,4,5,5,7,14.0,13.0,5.0,3.0,7.0,7.0,4.0,4.0,0.0,0.0,0.0,0.0
Burkina Faso,Boucle du Mouhoun,2021,11,31,7,22,0,0,2,9,2,6,18,6,21.0,20.0,14.0,13.0,5.0,3.0,7.0,7.0,4.0,4.0,0.0,0.0
Burkina Faso,Boucle du Mouhoun,2021,12,40,13,22,0,0,0,17,5,9,22,4,32.0,31.0,21.0,20.0,14.0,13.0,5.0,3.0,7.0,7.0,4.0,4.0
Burkina Faso,Boucle du Mouhoun,2022,1,18,33,12,0,2,0,4,3,3,9,3,40.0,40.0,32.0,31.0,21.0,20.0,14.0,13.0,5.0,3.0,7.0,7.0
Burkina Faso,Boucle du Mouhoun,2022,2,29,38,26,0,0,2,7,2,3,19,8,18.0,18.0,40.0,40.0,32.0,31.0,21.0,20.0,14.0,13.0,5.0,3.0
Burkina Faso,Boucle du Mouhoun,2022,3,24,10,16,0,2,1,6,3,4,15,3,32.0,29.0,18.0,18.0,40.0,40.0,32.0,31.0,21.0,20.0,14.0,13.0
Burkina Faso,Boucle du Mouhoun,2022,4,19,2,13,0,0,0,4,3,1,13,2,25.0,24.0,32.0,29.0,18.0,18.0,40.0,40.0,32.0,31.0,21.0,20.0
Burkina Faso,Boucle du Mouhoun,2022,5,23,79,13,0,0,3,16,7,8,8,5,19.0,19.0,25.0,24.0,32.0,29.0,18.0,18.0,40.0,40.0,32.0,31.0
Burkina Faso,Boucle du Mouhoun,2022,6,6,17,4,0,0,0,5,3,0,2,3,28.0,23.0,19.0,19.0,25.0,24.0,32.0,29.0,18.0,18.0,40.0,40.0
Burkina Faso,Boucle du Mouhoun,2022,7,25,34,17,0,3,0,4,4,3,12,7,8.0,6.0,28.0,23.0,19.0,19.0,25.0,24.0,32.0,29.0,18.0,18.0
Burkina Faso,Boucle du Mouhoun,2022,8,29,5,16,0,1,1,11,4,9,12,7,26.0,25.0,8.0,6.0,28.0,23.0,19.0,19.0,25.0,24.0,32.0,29.0
Burkina Faso,Boucle du Mouhoun,2022,9,35,21,30,0,0,3,9,5,3,25,7,32.0,29.0,26.0,25.0,8.0,6.0,28.0,23.0,19.0,19.0,25.0,24.0
Burkina Faso,Boucle du Mouhoun,2022,10,17,7,13,0,1,0,2,2,1,11,3,40.0,35.0,32.0,29.0,26.0,25.0,8.0,6.0,28.0,23.0,19.0,19.0
Burkina Faso,Boucle du Mouhoun,2022,11,15,11,16,0,1,2,2,2,0,11,5,17.0,17.0,40.0,35.0,32.0,29.0,26.0,25.0,8.0,6.0,28.0,23.0
Burkina Faso,Boucle du Mouhoun,2022,12,18,81,9,0,2,2,23,6,6,11,7,18.0,15.0,17.0,17.0,40.0,35.0,32.0,29.0,26.0,25.0,8.0,6.0
Burkina Faso,Boucle du Mouhoun,2023,1,23,67,28,0,3,1,6,3,2,13,15,30.0,18.0,18.0,15.0,17.0,17.0,40.0,35.0,32.0,29.0,26.0,25.0
Burkina Faso,Boucle du Mouhoun,2023,2,23,96,15,0,0,0,10,7,3,7,8,33.0,23.0,30.0,18.0,18.0,15.0,17.0,17.0,40.0,35.0,32.0,29.0
Burkina Faso,Boucle du Mouhoun,2023,3,14,91,9,0,2,0,8,5,3,5,4,25.0,23.0,33.0,23.0,30.0,18.0,18.0,15.0,17.0,17.0,40.0,35.0
Burkina Faso,Boucle du Mouhoun,2023,4,13,70,5,0,3,0,9,8,2,3,2,17.0,14.0,25.0,23.0,33.0,23.0,30.0,18.0,18.0,15.0,17.0,17.0
Burkina Faso,Boucle du Mouhoun,2023,5,26,137,22,0,1,0,8,6,1,13,11,15.0,13.0,17.0,14.0,25.0,23.0,33.0,23.0,30.0,18.0,18.0,15.0
Burkina Faso,Boucle du Mouhoun,2023,6,16,79,11,0,4,0,4,6,3,2,7,31.0,26.0,15.0,13.0,17.0,14.0,25.0,23.0,33.0,23.0,30.0,18.0
Burkina Faso,Boucle du Mouhoun,2023,7,27,65,30,0,2,0,4,3,2,15,13,18.0,16.0,31.0,26.0,15.0,13.0,17.0,14.0,25.0,23.0,33.0,23.0
Burkina Faso,Boucle du Mouhoun,2023,8,13,27,8,0,0,1,6,4,3,4,4,33.0,27.0,18.0,16.0,31.0,26.0,15.0,13.0,17.0,14.0,25.0,23.0
Burkina Faso,Boucle du Mouhoun,2023,9,13,14,8,0,1,0,4,2,5,2,4,15.0,13.0,33.0,27.0,18.0,16.0,31.0,26.0,15.0,13.0,17.0,14.0
Burkina Faso,Boucle du Mouhoun,2023,10,20,75,17,0,3,1,9,9,2,8,9,13.0,13.0,15.0,13.0,33.0,27.0,18.0,16.0,31.0,26.0,15.0,13.0
Burkina Faso,Boucle du Mouhoun,2023,11,36,90,16,0,2,2,22,14,10,7,9,28.0,20.0,13.0,13.0,15.0,13.0,33.0,27.0,18.0,16.0,31.0,26.0
Burkina Faso,Boucle du Mouhoun,2023,12,19,101,7,0,2,0,11,12,1,3,4,40.0,36.0,28.0,20.0,13.0,13.0,15.0,13.0,33.0,27.0,18.0,16.0
Burkina Faso,Boucle du Mouhoun,2024,1,12,37,8,0,0,1,7,3,4,7,1,20.0,19.0,40.0,36.0,28.0,20.0,13.0,13.0,15.0,13.0,33.0,27.0
Burkina Faso,Boucle du Mouhoun,2024,2,13,54,10,0,1,0,6,5,2,7,4,15.0,12.0,20.0,19.0,40.0,36.0,28.0,20.0,13.0,13.0,15.0,13.0
Burkina Faso,Boucle du Mouhoun,2024,3,13,68,8,0,3,0,4,6,1,5,3,18.0,13.0,15.0,12.0,20.0,19.0,40.0,36.0,28.0,20.0,13.0,13.0
Burkina Faso,Boucle du Mouhoun,2024,4,14,51,10,0,5,0,3,5,3,4,5,15.0,13.0,18.0,13.0,15.0,12.0,20.0,19.0,40.0,36.0,28.0,20.0
Burkina Faso,Cascades,2021,6,6,4,2,0,0,0,4,2,2,1,1,0.0,0.0,0.0,0.0,0.0,0.0,0.0,0.0,0.0,0.0,0.0,0.0
Burkina Faso,Cascades,2021,7,1,0,2,0,0,1,0,0,0,1,1,6.0,6.0,0.0,0.0,0.0,0.0,0.0,0.0,0.0,0.0,0.0,0.0
Burkina Faso,Cascades,2021,8,2,0,0,0,0,0,1,0,2,0,0,2.0,1.0,6.0,6.0,0.0,0.0,0.0,0.0,0.0,0.0,0.0,0.0
Burkina Faso,Cascades,2021,9,7,10,2,0,3,1,2,3,3,0,2,2.0,2.0,2.0,1.0,6.0,6.0,0.0,0.0,0.0,0.0,0.0,0.0
Burkina Faso,Cascades,2021,10,23,30,7,0,4,0,15,7,10,3,5,8.0,7.0,2.0,2.0,2.0,1.0,6.0,6.0,0.0,0.0,0.0,0.0
Burkina Faso,Cascades,2021,11,8,22,2,0,2,1,5,4,2,1,2,25.0,23.0,8.0,7.0,2.0,2.0,2.0,1.0,6.0,6.0,0.0,0.0
Burkina Faso,Cascades,2021,12,4,3,3,0,0,0,1,0,1,1,2,9.0,8.0,25.0,23.0,8.0,7.0,2.0,2.0,2.0,1.0,6.0,6.0
Burkina Faso,Cascades,2022,1,18,22,4,0,6,0,8,9,4,4,1,4.0,4.0,9.0,8.0,25.0,23.0,8.0,7.0,2.0,2.0,2.0,1.0
Burkina Faso,Cascades,2022,2,4,14,3,0,3,2,2,3,1,0,3,18.0,18.0,4.0,4.0,9.0,8.0,25.0,23.0,8.0,7.0,2.0,2.0
Burkina Faso,Cascades,2022,3,4,3,2,0,1,0,1,1,1,0,2,7.0,4.0,18.0,18.0,4.0,4.0,9.0,8.0,25.0,23.0,8.0,7.0
Burkina Faso,Cascades,2022,4,1,1,2,0,0,1,0,0,0,1,1,4.0,4.0,7.0,4.0,18.0,18.0,4.0,4.0,9.0,8.0,25.0,23.0
Burkina Faso,Cascades,2022,5,2,3,2,0,0,0,2,1,0,0,2,2.0,1.0,4.0,4.0,7.0,4.0,18.0,18.0,4.0,4.0,9.0,8.0
Burkina Faso,Cascades,2022,6,5,3,1,0,2,0,2,2,2,0,1,3.0,2.0,2.0,1.0,4.0,4.0,7.0,4.0,18.0,18.0,4.0,4.0
Burkina Faso,Cascades,2022,7,9,13,7,0,2,1,0,0,4,2,4,5.0,5.0,3.0,2.0,2.0,1.0,4.0,4.0,7.0,4.0,18.0,18.0
Burkina Faso,Cascades,2022,8,2,1,0,0,0,0,1,1,1,0,0,10.0,9.0,5.0,5.0,3.0,2.0,2.0,1.0,4.0,4.0,7.0,4.0
Burkina Faso,Cascades,2022,9,1,0,0,0,0,0,1,1,0,0,0,2.0,2.0,10.0,9.0,5.0,5.0,3.0,2.0,2.0,1.0,4.0,4.0
Burkina Faso,Cascades,2022,10,11,28,5,0,5,0,1,5,0,3,3,1.0,1.0,2.0,2.0,10.0,9.0,5.0,5.0,3.0,2.0,2.0,1.0
Burkina Faso,Cascades,2022,11,9,1,7,0,0,0,2,1,1,4,3,11.0,11.0,1.0,1.0,2.0,2.0,10.0,9.0,5.0,5.0,3.0,2.0
Burkina Faso,Cascades,2022,12,3,8,7,0,2,0,2,1,0,3,4,9.0,9.0,11.0,11.0,1.0,1.0,2.0,2.0,10.0,9.0,5.0,5.0
Burkina Faso,Cascades,2023,1,4,18,5,0,1,0,0,0,1,1,3,8.0,3.0,9.0,9.0,11.0,11.0,1.0,1.0,2.0,2.0,10.0,9.0
Burkina Faso,Cascades,2023,2,2,5,4,0,1,0,2,0,0,0,4,5.0,4.0,8.0,3.0,9.0,9.0,11.0,11.0,1.0,1.0,2.0,2.0
Burkina Faso,Cascades,2023,3,7,12,4,0,0,0,3,2,1,0,4,4.0,2.0,5.0,4.0,8.0,3.0,9.0,9.0,11.0,11.0,1.0,1.0
Burkina Faso,Cascades,2023,4,14,55,2,0,3,0,9,10,2,0,2,7.0,7.0,4.0,2.0,5.0,4.0,8.0,3.0,9.0,9.0,11.0,11.0
Burkina Faso,Cascades,2023,5,4,9,1,0,0,0,3,2,1,0,1,14.0,14.0,7.0,7.0,4.0,2.0,5.0,4.0,8.0,3.0,9.0,9.0
Burkina Faso,Cascades,2023,6,5,38,2,0,3,0,2,4,0,0,2,4.0,4.0,14.0,14.0,7.0,7.0,4.0,2.0,5.0,4.0,8.0,3.0
Burkina Faso,Cascades,2023,7,2,10,3,0,1,0,0,0,1,2,1,6.0,5.0,4.0,4.0,14.0,14.0,7.0,7.0,4.0,2.0,5.0,4.0
Burkina Faso,Cascades,2023,8,12,66,2,0,1,0,9,9,1,0,2,4.0,2.0,6.0,5.0,4.0,4.0,14.0,14.0,7.0,7.0,4.0,2.0
Burkina Faso,Cascades,2023,9,2,1,0,0,2,0,0,2,0,0,0,12.0,12.0,4.0,2.0,6.0,5.0,4.0,4.0,14.0,14.0,7.0,7.0
Burkina Faso,Cascades,2023,10,3,3,1,0,2,0,0,1,0,1,1,2.0,2.0,12.0,12.0,4.0,2.0,6.0,5.0,4.0,4.0,14.0,14.0
Burkina Faso,Cascades,2023,11,3,8,1,0,2,0,0,2,0,0,1,3.0,3.0,2.0,2.0,12.0,12.0,4.0,2.0,6.0,5.0,4.0,4.0
Burkina Faso,Cascades,2023,12,3,8,4,0,2,1,0,0,1,0,4,3.0,3.0,3.0,3.0,2.0,2.0,12.0,12.0,4.0,2.0,6.0,5.0
Burkina Faso,Cascades,2024,1,4,32,1,0,1,0,1,2,2,0,0,5.0,3.0,3.0,3.0,3.0,3.0,2.0,2.0,12.0,12.0,4.0,2.0
Burkina Faso,Cascades,2024,2,7,15,1,0,2,1,5,2,5,0,1,4.0,4.0,5.0,3.0,3.0,3.0,3.0,3.0,2.0,2.0,12.0,12.0
Burkina Faso,Cascades,2024,3,0,1,1,0,1,0,0,0,0,0,1,8.0,7.0,4.0,4.0,5.0,3.0,3.0,3.0,3.0,3.0,2.0,2.0
Burkina Faso,Cascades,2024,4,4,10,2,0,2,0,0,2,0,0,2,1.0,0.0,8.0,7.0,4.0,4.0,5.0,3.0,3.0,3.0,3.0,3.0
Burkina Faso,Centre,2021,9,0,1,1,0,0,1,0,0,0,0,1,0.0,0.0,0.0,0.0,0.0,0.0,0.0,0.0,0.0,0.0,0.0,0.0
Burkina Faso,Centre,2022,1,0,2,1,0,0,0,4,1,0,2,0,1.0,0.0,0.0,0.0,0.0,0.0,0.0,0.0,0.0,0.0,0.0,0.0
Burkina Faso,Centre,2022,5,0,1,1,0,0,0,1,0,0,0,1,3.0,0.0,1.0,0.0,0.0,0.0,0.0,0.0,0.0,0.0,0.0,0.0
Burkina Faso,Centre,2022,6,0,2,1,0,0,0,1,0,0,0,1,1.0,0.0,3.0,0.0,1.0,0.0,0.0,0.0,0.0,0.0,0.0,0.0
Burkina Faso,Centre,2022,8,0,0,1,0,0,1,0,0,0,1,0,1.0,0.0,1.0,0.0,3.0,0.0,1.0,0.0,0.0,0.0,0.0,0.0
Burkina Faso,Centre,2022,9,0,2,2,0,0,3,4,2,0,1,2,1.0,0.0,1.0,0.0,1.0,0.0,3.0,0.0,1.0,0.0,0.0,0.0
Burkina Faso,Centre,2022,10,0,2,2,0,0,1,1,0,1,0,1,5.0,0.0,1.0,0.0,1.0,0.0,1.0,0.0,3.0,0.0,1.0,0.0
Burkina Faso,Centre,2022,12,0,1,2,0,0,0,2,0,0,0,2,2.0,0.0,5.0,0.0,1.0,0.0,1.0,0.0,1.0,0.0,3.0,0.0
Burkina Faso,Centre,2023,3,0,1,1,0,0,0,1,0,0,0,1,2.0,0.0,2.0,0.0,5.0,0.0,1.0,0.0,1.0,0.0,1.0,0.0
Burkina Faso,Centre,2023,7,0,0,2,0,0,0,2,0,0,0,2,1.0,0.0,2.0,0.0,2.0,0.0,5.0,0.0,1.0,0.0,1.0,0.0
Burkina Faso,Centre,2023,8,0,1,1,0,0,0,1,0,0,0,1,2.0,0.0,1.0,0.0,2.0,0.0,2.0,0.0,5.0,0.0,1.0,0.0
Burkina Faso,Centre,2023,9,0,0,0,0,0,1,0,0,0,1,0,1.0,0.0,2.0,0.0,1.0,0.0,2.0,0.0,2.0,0.0,5.0,0.0
Burkina Faso,Centre,2023,10,0,1,1,0,0,0,1,0,0,0,1,1.0,0.0,1.0,0.0,2.0,0.0,1.0,0.0,2.0,0.0,2.0,0.0
Burkina Faso,Centre,2023,11,0,1,2,0,0,0,2,0,0,0,2,1.0,0.0,1.0,0.0,1.0,0.0,2.0,0.0,1.0,0.0,2.0,0.0
Burkina Faso,Centre,2023,12,0,0,1,0,0,0,1,0,0,0,1,2.0,0.0,1.0,0.0,1.0,0.0,1.0,0.0,2.0,0.0,1.0,0.0
Burkina Faso,Centre-Est,2021,6,0,1,1,0,0,0,1,0,0,0,1,0.0,0.0,0.0,0.0,0.0,0.0,0.0,0.0,0.0,0.0,0.0,0.0
Burkina Faso,Centre-Est,2021,8,1,3,3,0,1,2,1,0,1,0,3,1.0,0.0,0.0,0.0,0.0,0.0,0.0,0.0,0.0,0.0,0.0,0.0
Burkina Faso,Centre-Est,2021,9,0,1,1,0,0,1,0,0,0,0,1,4.0,1.0,1.0,0.0,0.0,0.0,0.0,0.0,0.0,0.0,0.0,0.0
Burkina Faso,Centre-Est,2021,10,1,0,2,0,0,1,0,0,0,0,2,1.0,0.0,4.0,1.0,1.0,0.0,0.0,0.0,0.0,0.0,0.0,0.0
Burkina Faso,Centre-Est,2021,12,3,6,7,0,0,4,0,0,1,3,3,2.0,1.0,1.0,0.0,4.0,1.0,1.0,0.0,0.0,0.0,0.0,0.0
Burkina Faso,Centre-Est,2022,1,5,3,2,0,0,0,3,2,0,3,0,7.0,3.0,2.0,1.0,1.0,0.0,4.0,1.0,1.0,0.0,0.0,0.0
Burkina Faso,Centre-Est,2022,2,19,22,9,0,0,0,9,4,5,10,0,5.0,5.0,7.0,3.0,2.0,1.0,1.0,0.0,4.0,1.0,1.0,0.0
Burkina Faso,Centre-Est,2022,3,8,29,2,0,2,0,4,4,2,1,1,19.0,19.0,5.0,5.0,7.0,3.0,2.0,1.0,1.0,0.0,4.0,1.0
Burkina Faso,Centre-Est,2022,4,6,4,8,0,0,0,4,0,1,2,6,8.0,8.0,19.0,19.0,5.0,5.0,7.0,3.0,2.0,1.0,1.0,0.0
Burkina Faso,Centre-Est,2022,5,10,0,8,0,0,2,4,0,4,4,4,9.0,6.0,8.0,8.0,19.0,19.0,5.0,5.0,7.0,3.0,2.0,1.0
Burkina Faso,Centre-Est,2022,6,8,12,5,0,0,0,2,0,2,2,4,12.0,10.0,9.0,6.0,8.0,8.0,19.0,19.0,5.0,5.0,7.0,3.0
Burkina Faso,Centre-Est,2022,7,11,39,10,0,0,1,2,0,2,2,8,8.0,8.0,12.0,10.0,9.0,6.0,8.0,8.0,19.0,19.0,5.0,5.0
Burkina Faso,Centre-Est,2022,8,15,0,15,0,0,0,0,0,0,12,4,12.0,11.0,8.0,8.0,12.0,10.0,9.0,6.0,8.0,8.0,19.0,19.0
Burkina Faso,Centre-Est,2022,9,9,16,6,0,2,0,1,3,0,3,3,16.0,15.0,12.0,11.0,8.0,8.0,12.0,10.0,9.0,6.0,8.0,8.0
Burkina Faso,Centre-Est,2022,10,20,9,15,0,4,1,5,4,1,8,9,9.0,9.0,16.0,15.0,12.0,11.0,8.0,8.0,12.0,10.0,9.0,6.0
Burkina Faso,Centre-Est,2022,11,11,24,11,0,0,0,5,1,4,6,5,22.0,20.0,9.0,9.0,16.0,15.0,12.0,11.0,8.0,8.0,12.0,10.0
Burkina Faso,Centre-Est,2022,12,6,23,7,0,1,1,1,1,0,0,7,16.0,11.0,22.0,20.0,9.0,9.0,16.0,15.0,12.0,11.0,8.0,8.0
Burkina Faso,Centre-Est,2023,1,13,25,10,0,3,0,4,6,1,4,5,8.0,6.0,16.0,11.0,22.0,20.0,9.0,9.0,16.0,15.0,12.0,11.0
Burkina Faso,Centre-Est,2023,2,22,75,14,0,5,0,6,7,2,7,7,16.0,13.0,8.0,6.0,16.0,11.0,22.0,20.0,9.0,9.0,16.0,15.0
Burkina Faso,Centre-Est,2023,3,16,69,17,0,5,0,6,5,3,9,8,23.0,22.0,16.0,13.0,8.0,6.0,16.0,11.0,22.0,20.0,9.0,9.0
Burkina Faso,Centre-Est,2023,4,20,111,11,0,3,0,6,7,5,3,5,25.0,16.0,23.0,22.0,16.0,13.0,8.0,6.0,16.0,11.0,22.0,20.0
Burkina Faso,Centre-Est,2023,5,24,107,9,1,5,0,11,8,9,3,5,20.0,20.0,25.0,16.0,23.0,22.0,16.0,13.0,8.0,6.0,16.0,11.0
Burkina Faso,Centre-Est,2023,6,15,54,8,0,2,0,7,4,8,1,3,25.0,24.0,20.0,20.0,25.0,16.0,23.0,22.0,16.0,13.0,8.0,6.0
Burkina Faso,Centre-Est,2023,7,7,28,0,0,6,0,1,7,0,0,0,16.0,15.0,25.0,24.0,20.0,20.0,25.0,16.0,23.0,22.0,16.0,13.0
Burkina Faso,Centre-Est,2023,8,8,111,5,0,4,1,3,4,2,0,4,7.0,7.0,16.0,15.0,25.0,24.0,20.0,20.0,25.0,16.0,23.0,22.0
Burkina Faso,Centre-Est,2023,9,12,81,2,0,5,0,7,5,6,1,1,10.0,8.0,7.0,7.0,16.0,15.0,25.0,24.0,20.0,20.0,25.0,16.0
Burkina Faso,Centre-Est,2023,10,7,18,3,0,4,0,2,3,2,1,2,13.0,12.0,10.0,8.0,7.0,7.0,16.0,15.0,25.0,24.0,20.0,20.0
Burkina Faso,Centre-Est,2023,11,15,83,2,0,4,0,11,8,6,2,0,8.0,7.0,13.0,12.0,10.0,8.0,7.0,7.0,16.0,15.0,25.0,24.0
Burkina Faso,Centre-Est,2023,12,18,70,4,0,4,0,12,9,8,0,2,16.0,15.0,8.0,7.0,13.0,12.0,10.0,8.0,7.0,7.0,16.0,15.0
Burkina Faso,Centre-Est,2024,1,9,44,3,0,3,0,6,5,3,1,2,19.0,18.0,16.0,15.0,8.0,7.0,13.0,12.0,10.0,8.0,7.0,7.0
Burkina Faso,Centre-Est,2024,2,12,30,5,3,5,0,3,6,4,0,4,11.0,9.0,19.0,18.0,16.0,15.0,8.0,7.0,13.0,12.0,10.0,8.0
Burkina Faso,Centre-Est,2024,3,7,59,4,0,6,0,1,4,2,0,3,14.0,12.0,11.0,9.0,19.0,18.0,16.0,15.0,8.0,7.0,13.0,12.0
Burkina Faso,Centre-Est,2024,4,18,128,5,0,11,0,8,14,3,0,4,9.0,7.0,14.0,12.0,11.0,9.0,19.0,18.0,16.0,15.0,8.0,7.0
Burkina Faso,Centre-Nord,2021,6,12,28,7,0,1,0,6,5,1,3,4,0.0,0.0,0.0,0.0,0.0,0.0,0.0,0.0,0.0,0.0,0.0,0.0
Burkina Faso,Centre-Nord,2021,7,21,22,14,0,3,0,6,3,6,3,11,13.0,12.0,0.0,0.0,0.0,0.0,0.0,0.0,0.0,0.0,0.0,0.0
Burkina Faso,Centre-Nord,2021,8,24,6,5,0,4,0,16,10,10,1,4,23.0,21.0,13.0,12.0,0.0,0.0,0.0,0.0,0.0,0.0,0.0,0.0
Burkina Faso,Centre-Nord,2021,9,16,12,5,0,2,1,12,4,9,2,3,25.0,24.0,23.0,21.0,13.0,12.0,0.0,0.0,0.0,0.0,0.0,0.0
Burkina Faso,Centre-Nord,2021,10,16,24,12,0,1,0,7,4,3,7,6,18.0,16.0,25.0,24.0,23.0,21.0,13.0,12.0,0.0,0.0,0.0,0.0
Burkina Faso,Centre-Nord,2021,11,18,47,8,0,5,0,7,7,4,7,3,20.0,16.0,18.0,16.0,25.0,24.0,23.0,21.0,13.0,12.0,0.0,0.0
Burkina Faso,Centre-Nord,2021,12,15,16,11,0,6,1,4,5,3,5,8,21.0,18.0,20.0,16.0,18.0,16.0,25.0,24.0,23.0,21.0,13.0,12.0
Burkina Faso,Centre-Nord,2022,1,20,33,17,0,7,0,11,8,9,7,10,21.0,15.0,21.0,18.0,20.0,16.0,18.0,16.0,25.0,24.0,23.0,21.0
Burkina Faso,Centre-Nord,2022,2,32,32,23,0,8,0,12,10,10,14,9,34.0,20.0,21.0,15.0,21.0,18.0,20.0,16.0,18.0,16.0,25.0,24.0
Burkina Faso,Centre-Nord,2022,3,35,85,19,0,3,1,9,9,9,12,5,43.0,32.0,34.0,20.0,21.0,15.0,21.0,18.0,20.0,16.0,18.0,16.0
Burkina Faso,Centre-Nord,2022,4,33,37,21,0,2,0,11,5,4,18,7,35.0,35.0,43.0,32.0,34.0,20.0,21.0,15.0,21.0,18.0,20.0,16.0
Burkina Faso,Centre-Nord,2022,5,28,69,17,0,3,0,12,7,2,13,8,34.0,33.0,35.0,35.0,43.0,32.0,34.0,20.0,21.0,15.0,21.0,18.0
Burkina Faso,Centre-Nord,2022,6,34,76,18,0,3,1,13,8,11,13,4,30.0,28.0,34.0,33.0,35.0,35.0,43.0,32.0,34.0,20.0,21.0,15.0
Burkina Faso,Centre-Nord,2022,7,43,151,16,0,5,1,20,11,16,12,5,36.0,34.0,30.0,28.0,34.0,33.0,35.0,35.0,43.0,32.0,34.0,20.0
Burkina Faso,Centre-Nord,2022,8,30,108,25,0,3,3,7,6,4,14,11,44.0,43.0,36.0,34.0,30.0,28.0,34.0,33.0,35.0,35.0,43.0,32.0
Burkina Faso,Centre-Nord,2022,9,26,26,19,0,1,0,9,4,1,19,4,35.0,30.0,44.0,43.0,36.0,34.0,30.0,28.0,34.0,33.0,35.0,35.0
Burkina Faso,Centre-Nord,2022,10,33,57,26,0,2,2,8,5,6,21,4,28.0,26.0,35.0,30.0,44.0,43.0,36.0,34.0,30.0,28.0,34.0,33.0
Burkina Faso,Centre-Nord,2022,11,36,65,22,0,2,0,13,2,16,14,5,36.0,33.0,28.0,26.0,35.0,30.0,44.0,43.0,36.0,34.0,30.0,28.0
Burkina Faso,Centre-Nord,2022,12,36,87,26,0,4,0,10,6,7,17,8,37.0,36.0,36.0,33.0,28.0,26.0,35.0,30.0,44.0,43.0,36.0,34.0
Burkina Faso,Centre-Nord,2023,1,23,50,17,0,4,0,7,7,2,14,4,38.0,36.0,37.0,36.0,36.0,33.0,28.0,26.0,35.0,30.0,44.0,43.0
Burkina Faso,Centre-Nord,2023,2,24,50,20,0,2,0,4,3,5,15,3,27.0,23.0,38.0,36.0,37.0,36.0,36.0,33.0,28.0,26.0,35.0,30.0
Burkina Faso,Centre-Nord,2023,3,47,299,29,0,5,0,21,10,13,21,8,26.0,24.0,27.0,23.0,38.0,36.0,37.0,36.0,36.0,33.0,28.0,26.0
Burkina Faso,Centre-Nord,2023,4,37,123,27,0,1,0,11,7,7,11,15,52.0,47.0,26.0,24.0,27.0,23.0,38.0,36.0,37.0,36.0,36.0,33.0
Burkina Faso,Centre-Nord,2023,5,34,73,19,0,2,0,13,9,10,8,8,40.0,37.0,52.0,47.0,26.0,24.0,27.0,23.0,38.0,36.0,37.0,36.0
Burkina Faso,Centre-Nord,2023,6,30,330,10,0,9,0,11,12,8,0,10,35.0,34.0,40.0,37.0,52.0,47.0,26.0,24.0,27.0,23.0,38.0,36.0
Burkina Faso,Centre-Nord,2023,7,17,50,13,0,4,0,4,4,5,8,3,30.0,30.0,35.0,34.0,40.0,37.0,52.0,47.0,26.0,24.0,27.0,23.0
Burkina Faso,Centre-Nord,2023,8,18,56,8,0,4,0,7,10,1,4,4,20.0,17.0,30.0,30.0,35.0,34.0,40.0,37.0,52.0,47.0,26.0,24.0
Burkina Faso,Centre-Nord,2023,9,22,92,6,0,7,1,11,15,4,4,2,19.0,18.0,20.0,17.0,30.0,30.0,35.0,34.0,40.0,37.0,52.0,47.0
Burkina Faso,Centre-Nord,2023,10,20,27,12,1,5,1,5,8,4,2,8,25.0,22.0,19.0,18.0,20.0,17.0,30.0,30.0,35.0,34.0,40.0,37.0
Burkina Faso,Centre-Nord,2023,11,19,203,3,0,5,0,13,11,7,0,2,22.0,20.0,25.0,22.0,19.0,18.0,20.0,17.0,30.0,30.0,35.0,34.0
Burkina Faso,Centre-Nord,2023,12,22,95,10,0,4,0,8,6,6,4,6,20.0,19.0,22.0,20.0,25.0,22.0,19.0,18.0,20.0,17.0,30.0,30.0
Burkina Faso,Centre-Nord,2024,1,16,71,3,1,5,0,7,7,5,3,1,22.0,22.0,20.0,19.0,22.0,20.0,25.0,22.0,19.0,18.0,20.0,17.0
Burkina Faso,Centre-Nord,2024,2,23,84,4,0,4,0,16,11,9,1,3,16.0,16.0,22.0,22.0,20.0,19.0,22.0,20.0,25.0,22.0,19.0,18.0
Burkina Faso,Centre-Nord,2024,3,15,73,5,0,3,0,8,6,4,3,3,24.0,23.0,16.0,16.0,22.0,22.0,20.0,19.0,22.0,20.0,25.0,22.0
Burkina Faso,Centre-Nord,2024,4,18,96,4,0,6,0,8,10,5,2,1,16.0,15.0,24.0,23.0,16.0,16.0,22.0,22.0,20.0,19.0,22.0,20.0
Burkina Faso,Centre-Ouest,2021,6,0,0,1,0,0,1,0,0,0,1,0,0.0,0.0,0.0,0.0,0.0,0.0,0.0,0.0,0.0,0.0,0.0,0.0
Burkina Faso,Centre-Ouest,2022,5,1,1,0,0,0,0,1,1,0,0,0,1.0,0.0,0.0,0.0,0.0,0.0,0.0,0.0,0.0,0.0,0.0,0.0
Burkina Faso,Centre-Ouest,2022,7,0,0,3,0,0,0,3,0,0,0,3,1.0,1.0,1.0,0.0,0.0,0.0,0.0,0.0,0.0,0.0,0.0,0.0
Burkina Faso,Centre-Ouest,2022,10,1,0,2,0,0,1,0,0,0,1,1,3.0,0.0,1.0,1.0,1.0,0.0,0.0,0.0,0.0,0.0,0.0,0.0
Burkina Faso,Centre-Ouest,2022,11,3,3,4,0,0,1,1,1,0,1,3,2.0,1.0,3.0,0.0,1.0,1.0,1.0,0.0,0.0,0.0,0.0,0.0
Burkina Faso,Centre-Ouest,2022,12,13,3,13,0,0,0,2,2,0,10,3,5.0,3.0,2.0,1.0,3.0,0.0,1.0,1.0,1.0,0.0,0.0,0.0
Burkina Faso,Centre-Ouest,2023,1,4,16,6,0,1,0,1,0,0,2,4,15.0,13.0,5.0,3.0,2.0,1.0,3.0,0.0,1.0,1.0,1.0,0.0
Burkina Faso,Centre-Ouest,2023,2,3,10,3,0,0,0,0,0,0,0,3,6.0,4.0,15.0,13.0,5.0,3.0,2.0,1.0,3.0,0.0,1.0,1.0
Burkina Faso,Centre-Ouest,2023,3,11,29,9,0,3,0,1,3,0,6,3,3.0,3.0,6.0,4.0,15.0,13.0,5.0,3.0,2.0,1.0,3.0,0.0
Burkina Faso,Centre-Ouest,2023,4,7,34,1,0,0,0,6,3,3,0,1,12.0,11.0,3.0,3.0,6.0,4.0,15.0,13.0,5.0,3.0,2.0,1.0
Burkina Faso,Centre-Ouest,2023,5,9,12,2,0,2,0,5,6,1,0,2,7.0,7.0,12.0,11.0,3.0,3.0,6.0,4.0,15.0,13.0,5.0,3.0
Burkina Faso,Centre-Ouest,2023,6,1,1,0,0,1,0,0,1,0,0,0,9.0,9.0,7.0,7.0,12.0,11.0,3.0,3.0,6.0,4.0,15.0,13.0
Burkina Faso,Centre-Ouest,2023,8,1,2,1,0,0,0,0,0,1,0,0,1.0,1.0,9.0,9.0,7.0,7.0,12.0,11.0,3.0,3.0,6.0,4.0
Burkina Faso,Centre-Ouest,2023,10,3,11,3,0,0,0,0,0,0,2,1,1.0,1.0,1.0,1.0,9.0,9.0,7.0,7.0,12.0,11.0,3.0,3.0
Burkina Faso,Centre-Ouest,2023,11,1,0,1,0,0,0,0,0,0,0,1,3.0,3.0,1.0,1.0,1.0,1.0,9.0,9.0,7.0,7.0,12.0,11.0
Burkina Faso,Centre-Ouest,2023,12,1,1,0,0,1,0,0,0,1,0,0,1.0,1.0,3.0,3.0,1.0,1.0,1.0,1.0,9.0,9.0,7.0,7.0
Burkina Faso,Centre-Ouest,2024,1,2,13,0,0,1,0,1,2,0,0,0,1.0,1.0,1.0,1.0,3.0,3.0,1.0,1.0,1.0,1.0,9.0,9.0
Burkina Faso,Centre-Ouest,2024,2,2,7,0,0,0,0,2,2,0,0,0,2.0,2.0,1.0,1.0,1.0,1.0,3.0,3.0,1.0,1.0,1.0,1.0
Burkina Faso,Centre-Ouest,2024,4,1,1,0,0,0,0,1,0,1,0,0,2.0,2.0,2.0,2.0,1.0,1.0,1.0,1.0,3.0,3.0,1.0,1.0
Burkina Faso,Centre-Sud,2021,7,0,1,2,0,0,1,1,0,0,1,1,0.0,0.0,0.0,0.0,0.0,0.0,0.0,0.0,0.0,0.0,0.0,0.0
Burkina Faso,Centre-Sud,2021,8,0,0,0,0,2,0,0,1,0,0,0,2.0,0.0,0.0,0.0,0.0,0.0,0.0,0.0,0.0,0.0,0.0,0.0
Burkina Faso,Centre-Sud,2021,10,0,0,1,0,0,0,1,0,0,0,1,1.0,0.0,2.0,0.0,0.0,0.0,0.0,0.0,0.0,0.0,0.0,0.0
Burkina Faso,Centre-Sud,2022,6,0,1,1,0,0,0,1,0,1,0,0,1.0,0.0,1.0,0.0,2.0,0.0,0.0,0.0,0.0,0.0,0.0,0.0
Burkina Faso,Centre-Sud,2022,9,1,0,0,0,0,0,1,1,0,0,0,1.0,0.0,1.0,0.0,1.0,0.0,2.0,0.0,0.0,0.0,0.0,0.0
Burkina Faso,Centre-Sud,2022,10,1,2,1,1,0,1,0,1,0,0,1,1.0,1.0,1.0,0.0,1.0,0.0,1.0,0.0,2.0,0.0,0.0,0.0
Burkina Faso,Centre-Sud,2022,11,1,0,1,0,0,0,0,0,0,1,0,2.0,1.0,1.0,1.0,1.0,0.0,1.0,0.0,1.0,0.0,2.0,0.0
Burkina Faso,Centre-Sud,2022,12,2,0,1,0,0,1,0,0,0,2,0,1.0,1.0,2.0,1.0,1.0,1.0,1.0,0.0,1.0,0.0,1.0,0.0
Burkina Faso,Centre-Sud,2023,1,5,4,6,0,0,0,1,0,0,2,4,2.0,2.0,1.0,1.0,2.0,1.0,1.0,1.0,1.0,0.0,1.0,0.0
Burkina Faso,Centre-Sud,2023,2,3,21,2,0,0,0,3,2,0,0,2,6.0,5.0,2.0,2.0,1.0,1.0,2.0,1.0,1.0,1.0,1.0,0.0
Burkina Faso,Centre-Sud,2023,7,1,2,1,0,0,0,0,0,0,0,1,4.0,3.0,6.0,5.0,2.0,2.0,1.0,1.0,2.0,1.0,1.0,1.0
Burkina Faso,Centre-Sud,2023,8,0,2,1,0,0,0,1,0,0,0,1,1.0,1.0,4.0,3.0,6.0,5.0,2.0,2.0,1.0,1.0,2.0,1.0
Burkina Faso,Centre-Sud,2023,12,0,1,1,0,0,0,1,0,0,0,1,1.0,0.0,1.0,1.0,4.0,3.0,6.0,5.0,2.0,2.0,1.0,1.0
Burkina Faso,Est,2021,6,54,88,40,0,0,1,18,7,11,5,35,0.0,0.0,0.0,0.0,0.0,0.0,0.0,0.0,0.0,0.0,0.0,0.0
Burkina Faso,Est,2021,7,35,28,27,0,3,1,10,6,5,9,18,58.0,54.0,0.0,0.0,0.0,0.0,0.0,0.0,0.0,0.0,0.0,0.0
Burkina Faso,Est,2021,8,27,11,20,0,2,1,4,2,3,8,14,38.0,35.0,58.0,54.0,0.0,0.0,0.0,0.0,0.0,0.0,0.0,0.0
Burkina Faso,Est,2021,9,31,14,19,0,5,0,9,8,5,5,14,27.0,27.0,38.0,35.0,58.0,54.0,0.0,0.0,0.0,0.0,0.0,0.0
Burkina Faso,Est,2021,10,52,11,35,1,1,5,19,2,16,11,28,32.0,31.0,27.0,27.0,38.0,35.0,58.0,54.0,0.0,0.0,0.0,0.0
Burkina Faso,Est,2021,11,36,20,21,0,2,1,14,6,1,20,11,57.0,52.0,32.0,31.0,27.0,27.0,38.0,35.0,58.0,54.0,0.0,0.0
Burkina Faso,Est,2021,12,44,51,25,0,3,0,15,7,8,13,16,38.0,36.0,57.0,52.0,32.0,31.0,27.0,27.0,38.0,35.0,58.0,54.0
Burkina Faso,Est,2022,1,52,55,39,0,2,4,15,9,5,19,24,44.0,44.0,38.0,36.0,57.0,52.0,32.0,31.0,27.0,27.0,38.0,35.0
Burkina Faso,Est,2022,2,75,84,57,2,5,2,21,5,15,40,21,57.0,52.0,44.0,44.0,38.0,36.0,57.0,52.0,32.0,31.0,27.0,27.0
Burkina Faso,Est,2022,3,90,50,64,0,8,1,21,15,8,47,23,81.0,75.0,57.0,52.0,44.0,44.0,38.0,36.0,57.0,52.0,32.0,31.0
Burkina Faso,Est,2022,4,49,47,39,0,7,2,8,10,1,30,14,93.0,90.0,81.0,75.0,57.0,52.0,44.0,44.0,38.0,36.0,57.0,52.0
Burkina Faso,Est,2022,5,53,106,39,0,5,2,15,9,9,29,10,55.0,49.0,93.0,90.0,81.0,75.0,57.0,52.0,44.0,44.0,38.0,36.0
Burkina Faso,Est,2022,6,45,31,30,0,3,0,10,7,8,16,14,57.0,53.0,55.0,49.0,93.0,90.0,81.0,75.0,57.0,52.0,44.0,44.0
Burkina Faso,Est,2022,7,53,44,36,1,3,2,12,9,10,18,22,45.0,45.0,57.0,53.0,55.0,49.0,93.0,90.0,81.0,75.0,57.0,52.0
Burkina Faso,Est,2022,8,44,104,26,0,4,0,19,6,18,20,7,59.0,53.0,45.0,45.0,57.0,53.0,55.0,49.0,93.0,90.0,81.0,75.0
Burkina Faso,Est,2022,9,26,22,20,0,3,1,6,4,6,11,8,51.0,44.0,59.0,53.0,45.0,45.0,57.0,53.0,55.0,49.0,93.0,90.0
Burkina Faso,Est,2022,10,28,46,21,1,1,1,7,4,6,14,7,29.0,26.0,51.0,44.0,59.0,53.0,45.0,45.0,57.0,53.0,55.0,49.0
Burkina Faso,Est,2022,11,29,39,23,1,0,0,10,5,6,15,8,31.0,28.0,29.0,26.0,51.0,44.0,59.0,53.0,45.0,45.0,57.0,53.0
Burkina Faso,Est,2022,12,29,34,28,1,0,1,10,2,7,9,17,34.0,29.0,31.0,28.0,29.0,26.0,51.0,44.0,59.0,53.0,45.0,45.0
Burkina Faso,Est,2023,1,28,35,24,0,1,0,6,3,4,12,12,35.0,29.0,34.0,29.0,31.0,28.0,29.0,26.0,51.0,44.0,59.0,53.0
Burkina Faso,Est,2023,2,30,221,23,0,2,0,21,7,10,9,12,31.0,28.0,35.0,29.0,34.0,29.0,31.0,28.0,29.0,26.0,51.0,44.0
Burkina Faso,Est,2023,3,18,67,11,1,2,1,9,5,8,6,3,38.0,30.0,31.0,28.0,35.0,29.0,34.0,29.0,31.0,28.0,29.0,26.0
Burkina Faso,Est,2023,4,33,197,15,0,1,3,19,17,5,8,6,22.0,18.0,38.0,30.0,31.0,28.0,35.0,29.0,34.0,29.0,31.0,28.0
Burkina Faso,Est,2023,5,18,122,9,1,6,0,8,8,6,3,4,36.0,33.0,22.0,18.0,38.0,30.0,31.0,28.0,35.0,29.0,34.0,29.0
Burkina Faso,Est,2023,6,28,92,19,0,3,0,8,9,5,7,10,21.0,18.0,36.0,33.0,22.0,18.0,38.0,30.0,31.0,28.0,35.0,29.0
Burkina Faso,Est,2023,7,36,142,17,0,10,0,11,14,7,7,9,31.0,28.0,21.0,18.0,36.0,33.0,22.0,18.0,38.0,30.0,31.0,28.0
Burkina Faso,Est,2023,8,27,124,14,0,3,0,8,10,3,6,8,37.0,36.0,31.0,28.0,21.0,18.0,36.0,33.0,22.0,18.0,38.0,30.0
Burkina Faso,Est,2023,9,27,78,15,0,5,0,9,10,4,9,6,27.0,27.0,37.0,36.0,31.0,28.0,21.0,18.0,36.0,33.0,22.0,18.0
Burkina Faso,Est,2023,10,32,129,21,0,8,2,6,10,2,11,13,29.0,27.0,27.0,27.0,37.0,36.0,31.0,28.0,21.0,18.0,36.0,33.0
Burkina Faso,Est,2023,11,49,138,29,0,9,1,18,16,8,24,7,36.0,32.0,29.0,27.0,27.0,27.0,37.0,36.0,31.0,28.0,21.0,18.0
Burkina Faso,Est,2023,12,28,130,17,0,3,0,14,7,11,6,8,55.0,49.0,36.0,32.0,29.0,27.0,27.0,27.0,37.0,36.0,31.0,28.0
Burkina Faso,Est,2024,1,21,123,12,0,4,0,10,5,7,4,8,32.0,28.0,55.0,49.0,36.0,32.0,29.0,27.0,27.0,27.0,37.0,36.0
Burkina Faso,Est,2024,2,19,284,8,0,4,0,14,8,6,3,6,24.0,21.0,32.0,28.0,55.0,49.0,36.0,32.0,29.0,27.0,27.0,27.0
Burkina Faso,Est,2024,3,24,255,20,0,3,0,13,8,2,9,12,23.0,19.0,24.0,21.0,32.0,28.0,55.0,49.0,36.0,32.0,29.0,27.0
Burkina Faso,Est,2024,4,32,66,23,0,6,1,8,7,5,12,12,31.0,24.0,23.0,19.0,24.0,21.0,32.0,28.0,55.0,49.0,36.0,32.0
Burkina Faso,Hauts-Bassins,2021,11,1,5,2,0,0,2,1,1,0,2,0,0.0,0.0,0.0,0.0,0.0,0.0,0.0,0.0,0.0,0.0,0.0,0.0
Burkina Faso,Hauts-Bassins,2022,1,1,0,0,0,0,0,1,1,0,0,0,3.0,1.0,0.0,0.0,0.0,0.0,0.0,0.0,0.0,0.0,0.0,0.0
Burkina Faso,Hauts-Bassins,2022,2,1,0,2,0,0,2,1,1,0,1,1,1.0,1.0,3.0,1.0,0.0,0.0,0.0,0.0,0.0,0.0,0.0,0.0
Burkina Faso,Hauts-Bassins,2022,3,1,0,4,0,0,2,1,0,0,2,2,3.0,1.0,1.0,1.0,3.0,1.0,0.0,0.0,0.0,0.0,0.0,0.0
Burkina Faso,Hauts-Bassins,2022,4,0,0,3,0,0,2,1,0,0,1,2,4.0,1.0,3.0,1.0,1.0,1.0,3.0,1.0,0.0,0.0,0.0,0.0
Burkina Faso,Hauts-Bassins,2022,5,3,1,0,0,0,0,3,3,0,0,0,3.0,0.0,4.0,1.0,3.0,1.0,1.0,1.0,3.0,1.0,0.0,0.0
Burkina Faso,Hauts-Bassins,2022,6,5,1,1,0,0,3,3,5,0,0,1,3.0,3.0,3.0,0.0,4.0,1.0,3.0,1.0,1.0,1.0,3.0,1.0
Burkina Faso,Hauts-Bassins,2022,7,1,0,0,0,0,0,1,1,0,0,0,6.0,5.0,3.0,3.0,3.0,0.0,4.0,1.0,3.0,1.0,1.0,1.0
Burkina Faso,Hauts-Bassins,2022,8,2,0,0,0,0,0,2,2,0,0,0,1.0,1.0,6.0,5.0,3.0,3.0,3.0,0.0,4.0,1.0,3.0,1.0
Burkina Faso,Hauts-Bassins,2022,9,6,12,3,0,0,0,3,3,0,1,2,2.0,2.0,1.0,1.0,6.0,5.0,3.0,3.0,3.0,0.0,4.0,1.0
Burkina Faso,Hauts-Bassins,2022,10,12,2,10,0,0,0,2,0,1,9,2,6.0,6.0,2.0,2.0,1.0,1.0,6.0,5.0,3.0,3.0,3.0,0.0
Burkina Faso,Hauts-Bassins,2022,11,15,6,14,0,0,1,5,3,1,10,4,12.0,12.0,6.0,6.0,2.0,2.0,1.0,1.0,6.0,5.0,3.0,3.0
Burkina Faso,Hauts-Bassins,2022,12,5,28,7,0,0,1,6,2,0,2,6,18.0,15.0,12.0,12.0,6.0,6.0,2.0,2.0,1.0,1.0,6.0,5.0
Burkina Faso,Hauts-Bassins,2023,1,2,1,1,0,1,0,2,2,0,0,1,10.0,5.0,18.0,15.0,12.0,12.0,6.0,6.0,2.0,2.0,1.0,1.0
Burkina Faso,Hauts-Bassins,2023,2,8,2,9,0,1,0,0,0,1,6,3,3.0,2.0,10.0,5.0,18.0,15.0,12.0,12.0,6.0,6.0,2.0,2.0
Burkina Faso,Hauts-Bassins,2023,3,7,47,7,0,2,0,5,4,2,4,2,10.0,8.0,3.0,2.0,10.0,5.0,18.0,15.0,12.0,12.0,6.0,6.0
Burkina Faso,Hauts-Bassins,2023,4,5,10,5,0,0,0,1,1,0,4,1,12.0,7.0,10.0,8.0,3.0,2.0,10.0,5.0,18.0,15.0,12.0,12.0
Burkina Faso,Hauts-Bassins,2023,5,9,23,7,0,3,0,1,3,0,2,5,6.0,5.0,12.0,7.0,10.0,8.0,3.0,2.0,10.0,5.0,18.0,15.0
Burkina Faso,Hauts-Bassins,2023,6,4,24,4,0,0,0,3,2,1,1,2,10.0,9.0,6.0,5.0,12.0,7.0,10.0,8.0,3.0,2.0,10.0,5.0
Burkina Faso,Hauts-Bassins,2023,7,10,40,17,0,0,0,2,0,0,9,8,6.0,4.0,10.0,9.0,6.0,5.0,12.0,7.0,10.0,8.0,3.0,2.0
Burkina Faso,Hauts-Bassins,2023,8,9,40,8,0,3,0,3,6,0,7,1,17.0,10.0,6.0,4.0,10.0,9.0,6.0,5.0,12.0,7.0,10.0,8.0
Burkina Faso,Hauts-Bassins,2023,9,10,23,4,0,5,0,1,6,1,2,1,14.0,9.0,17.0,10.0,6.0,4.0,10.0,9.0,6.0,5.0,12.0,7.0
Burkina Faso,Hauts-Bassins,2023,10,10,19,7,0,2,0,1,3,0,4,3,10.0,10.0,14.0,9.0,17.0,10.0,6.0,4.0,10.0,9.0,6.0,5.0
Burkina Faso,Hauts-Bassins,2023,11,6,87,3,0,2,1,2,4,0,0,3,10.0,10.0,10.0,10.0,14.0,9.0,17.0,10.0,6.0,4.0,10.0,9.0
Burkina Faso,Hauts-Bassins,2023,12,5,35,4,0,1,0,2,2,1,3,1,7.0,6.0,10.0,10.0,10.0,10.0,14.0,9.0,17.0,10.0,6.0,4.0
Burkina Faso,Hauts-Bassins,2024,1,7,24,4,0,3,0,1,3,0,2,3,7.0,5.0,7.0,6.0,10.0,10.0,10.0,10.0,14.0,9.0,17.0,10.0
Burkina Faso,Hauts-Bassins,2024,2,8,20,3,0,4,2,3,6,1,0,3,8.0,7.0,7.0,5.0,7.0,6.0,10.0,10.0,10.0,10.0,14.0,9.0
Burkina Faso,Hauts-Bassins,2024,3,4,3,4,0,1,0,1,1,2,0,2,10.0,8.0,8.0,7.0,7.0,5.0,7.0,6.0,10.0,10.0,10.0,10.0
Burkina Faso,Hauts-Bassins,2024,4,3,10,3,0,0,0,0,0,0,0,3,5.0,4.0,10.0,8.0,8.0,7.0,7.0,5.0,7.0,6.0,10.0,10.0
Burkina Faso,Nord,2021,6,16,5,7,0,6,1,4,6,5,3,3,0.0,0.0,0.0,0.0,0.0,0.0,0.0,0.0,0.0,0.0,0.0,0.0
Burkina Faso,Nord,2021,7,26,73,10,0,2,1,14,3,13,3,8,17.0,16.0,0.0,0.0,0.0,0.0,0.0,0.0,0.0,0.0,0.0,0.0
Burkina Faso,Nord,2021,8,2,3,0,0,2,0,0,1,0,1,0,27.0,26.0,17.0,16.0,0.0,0.0,0.0,0.0,0.0,0.0,0.0,0.0
Burkina Faso,Nord,2021,9,9,1,4,0,2,0,7,0,6,3,2,2.0,2.0,27.0,26.0,17.0,16.0,0.0,0.0,0.0,0.0,0.0,0.0
Burkina Faso,Nord,2021,10,24,19,14,0,5,4,7,7,9,5,6,11.0,9.0,2.0,2.0,27.0,26.0,17.0,16.0,0.0,0.0,0.0,0.0
Burkina Faso,Nord,2021,11,18,28,9,0,2,0,6,4,4,7,3,27.0,24.0,11.0,9.0,2.0,2.0,27.0,26.0,17.0,16.0,0.0,0.0
Burkina Faso,Nord,2021,12,41,68,23,0,3,1,15,5,12,9,16,18.0,18.0,27.0,24.0,11.0,9.0,2.0,2.0,27.0,26.0,17.0,16.0
Burkina Faso,Nord,2022,1,28,13,14,1,1,0,9,0,11,14,3,42.0,41.0,18.0,18.0,27.0,24.0,11.0,9.0,2.0,2.0,27.0,26.0
Burkina Faso,Nord,2022,2,52,41,20,1,2,0,30,13,17,19,4,28.0,28.0,42.0,41.0,18.0,18.0,27.0,24.0,11.0,9.0,2.0,2.0
Burkina Faso,Nord,2022,3,18,5,12,0,2,2,4,3,5,8,4,53.0,52.0,28.0,28.0,42.0,41.0,18.0,18.0,27.0,24.0,11.0,9.0
Burkina Faso,Nord,2022,4,20,22,6,0,5,0,9,7,9,2,2,20.0,18.0,53.0,52.0,28.0,28.0,42.0,41.0,18.0,18.0,27.0,24.0
Burkina Faso,Nord,2022,5,14,18,8,0,2,2,6,4,4,1,7,20.0,20.0,20.0,18.0,53.0,52.0,28.0,28.0,42.0,41.0,18.0,18.0
Burkina Faso,Nord,2022,6,14,40,7,0,2,0,7,4,7,1,3,16.0,14.0,20.0,20.0,20.0,18.0,53.0,52.0,28.0,28.0,42.0,41.0
Burkina Faso,Nord,2022,7,12,11,6,0,1,0,5,3,2,4,3,15.0,14.0,16.0,14.0,20.0,20.0,20.0,18.0,53.0,52.0,28.0,28.0
Burkina Faso,Nord,2022,8,29,24,20,1,3,1,9,4,10,13,5,12.0,12.0,15.0,14.0,16.0,14.0,20.0,20.0,20.0,18.0,53.0,52.0
Burkina Faso,Nord,2022,9,17,5,7,0,0,0,7,4,2,10,1,32.0,29.0,12.0,12.0,15.0,14.0,16.0,14.0,20.0,20.0,20.0,18.0
Burkina Faso,Nord,2022,10,22,1,15,1,1,0,4,5,1,15,1,17.0,17.0,32.0,29.0,12.0,12.0,15.0,14.0,16.0,14.0,20.0,20.0
Burkina Faso,Nord,2022,11,23,38,14,0,1,1,9,4,4,10,6,22.0,22.0,17.0,17.0,32.0,29.0,12.0,12.0,15.0,14.0,16.0,14.0
Burkina Faso,Nord,2022,12,11,20,14,0,6,0,2,7,0,13,2,24.0,23.0,22.0,22.0,17.0,17.0,32.0,29.0,12.0,12.0,15.0,14.0
Burkina Faso,Nord,2023,1,16,77,18,0,1,0,13,6,3,9,9,22.0,11.0,24.0,23.0,22.0,22.0,17.0,17.0,32.0,29.0,12.0,12.0
Burkina Faso,Nord,2023,2,14,51,10,0,6,0,3,6,3,0,7,27.0,16.0,22.0,11.0,24.0,23.0,22.0,22.0,17.0,17.0,32.0,29.0
Burkina Faso,Nord,2023,3,27,116,14,0,5,0,11,4,11,5,9,16.0,14.0,27.0,16.0,22.0,11.0,24.0,23.0,22.0,22.0,17.0,17.0
Burkina Faso,Nord,2023,4,17,267,13,0,4,0,13,5,6,4,9,29.0,27.0,16.0,14.0,27.0,16.0,22.0,11.0,24.0,23.0,22.0,22.0
Burkina Faso,Nord,2023,5,30,141,10,0,5,0,18,16,8,5,4,24.0,17.0,29.0,27.0,16.0,14.0,27.0,16.0,22.0,11.0,24.0,23.0
Burkina Faso,Nord,2023,6,24,77,16,0,6,1,5,9,2,5,11,33.0,30.0,24.0,17.0,29.0,27.0,16.0,14.0,27.0,16.0,22.0,11.0
Burkina Faso,Nord,2023,7,21,67,12,0,7,1,7,8,4,2,10,27.0,24.0,33.0,30.0,24.0,17.0,29.0,27.0,16.0,14.0,27.0,16.0
Burkina Faso,Nord,2023,8,16,32,12,0,2,1,4,3,4,4,7,24.0,21.0,27.0,24.0,33.0,30.0,24.0,17.0,29.0,27.0,16.0,14.0
Burkina Faso,Nord,2023,9,18,105,9,0,4,0,9,8,6,1,6,18.0,16.0,24.0,21.0,27.0,24.0,33.0,30.0,24.0,17.0,29.0,27.0
Burkina Faso,Nord,2023,10,20,84,10,0,4,0,9,5,8,2,7,21.0,18.0,18.0,16.0,24.0,21.0,27.0,24.0,33.0,30.0,24.0,17.0
Burkina Faso,Nord,2023,11,12,23,5,0,5,0,2,5,2,3,2,22.0,20.0,21.0,18.0,18.0,16.0,24.0,21.0,27.0,24.0,33.0,30.0
Burkina Faso,Nord,2023,12,8,84,0,0,4,0,4,7,1,0,0,12.0,12.0,22.0,20.0,21.0,18.0,18.0,16.0,24.0,21.0,27.0,24.0
Burkina Faso,Nord,2024,1,11,26,5,0,6,0,2,5,5,0,2,8.0,8.0,12.0,12.0,22.0,20.0,21.0,18.0,18.0,16.0,24.0,21.0
Burkina Faso,Nord,2024,2,6,249,9,0,2,0,6,3,2,5,4,12.0,11.0,8.0,8.0,12.0,12.0,22.0,20.0,21.0,18.0,18.0,16.0
Burkina Faso,Nord,2024,3,9,29,1,0,5,0,3,5,1,2,1,14.0,6.0,12.0,11.0,8.0,8.0,12.0,12.0,22.0,20.0,21.0,18.0
Burkina Faso,Nord,2024,4,7,47,4,0,3,0,2,3,1,0,4,9.0,9.0,14.0,6.0,12.0,11.0,8.0,8.0,12.0,12.0,22.0,20.0
Burkina Faso,Plateau-Central,2023,2,1,0,1,0,0,0,0,0,0,1,0,0.0,0.0,0.0,0.0,0.0,0.0,0.0,0.0,0.0,0.0,0.0,0.0
Burkina Faso,Plateau-Central,2024,4,0,1,1,0,1,0,0,0,0,0,1,1.0,1.0,0.0,0.0,0.0,0.0,0.0,0.0,0.0,0.0,0.0,0.0
Burkina Faso,Sahel,2021,6,28,254,35,1,4,4,14,13,7,12,22,0.0,0.0,0.0,0.0,0.0,0.0,0.0,0.0,0.0,0.0,0.0,0.0
Burkina Faso,Sahel,2021,7,18,82,30,2,3,1,18,8,11,3,27,54.0,28.0,0.0,0.0,0.0,0.0,0.0,0.0,0.0,0.0,0.0,0.0
Burkina Faso,Sahel,2021,8,32,300,23,0,14,0,34,18,30,6,18,49.0,18.0,54.0,28.0,0.0,0.0,0.0,0.0,0.0,0.0,0.0,0.0
Burkina Faso,Sahel,2021,9,32,13,27,0,1,5,18,6,14,14,15,72.0,32.0,49.0,18.0,54.0,28.0,0.0,0.0,0.0,0.0,0.0,0.0
Burkina Faso,Sahel,2021,10,39,118,46,0,7,4,47,10,39,18,31,49.0,32.0,72.0,32.0,49.0,18.0,54.0,28.0,0.0,0.0,0.0,0.0
Burkina Faso,Sahel,2021,11,22,112,19,0,2,1,19,9,12,6,12,98.0,39.0,49.0,32.0,72.0,32.0,49.0,18.0,54.0,28.0,0.0,0.0
Burkina Faso,Sahel,2021,12,25,158,25,2,5,6,31,17,16,5,22,39.0,22.0,98.0,39.0,49.0,32.0,72.0,32.0,49.0,18.0,54.0,28.0
Burkina Faso,Sahel,2022,1,26,239,12,5,7,1,25,20,24,4,7,60.0,25.0,39.0,22.0,98.0,39.0,49.0,32.0,72.0,32.0,49.0,18.0
Burkina Faso,Sahel,2022,2,23,70,30,0,7,0,21,11,20,13,16,55.0,26.0,60.0,25.0,39.0,22.0,98.0,39.0,49.0,32.0,72.0,32.0
Burkina Faso,Sahel,2022,3,53,159,28,0,8,1,17,15,13,6,21,60.0,23.0,55.0,26.0,60.0,25.0,39.0,22.0,98.0,39.0,49.0,32.0
Burkina Faso,Sahel,2022,4,44,237,27,0,3,0,28,13,10,13,17,55.0,53.0,60.0,23.0,55.0,26.0,60.0,25.0,39.0,22.0,98.0,39.0
Burkina Faso,Sahel,2022,5,58,150,30,0,16,3,13,19,10,12,20,53.0,44.0,55.0,53.0,60.0,23.0,55.0,26.0,60.0,25.0,39.0,22.0
Burkina Faso,Sahel,2022,6,51,158,28,0,6,1,19,14,9,14,16,61.0,58.0,53.0,44.0,55.0,53.0,60.0,23.0,55.0,26.0,60.0,25.0
Burkina Faso,Sahel,2022,7,47,137,24,0,9,0,14,18,6,9,16,53.0,51.0,61.0,58.0,53.0,44.0,55.0,53.0,60.0,23.0,55.0,26.0
Burkina Faso,Sahel,2022,8,27,53,7,0,4,1,13,12,9,3,5,49.0,47.0,53.0,51.0,61.0,58.0,53.0,44.0,55.0,53.0,60.0,23.0
Burkina Faso,Sahel,2022,9,40,219,18,0,4,1,19,12,13,11,6,29.0,27.0,49.0,47.0,53.0,51.0,61.0,58.0,53.0,44.0,55.0,53.0
Burkina Faso,Sahel,2022,10,36,61,15,0,4,1,15,9,13,6,9,42.0,40.0,29.0,27.0,49.0,47.0,53.0,51.0,61.0,58.0,53.0,44.0
Burkina Faso,Sahel,2022,11,22,178,22,0,1,0,14,12,1,10,13,37.0,36.0,42.0,40.0,29.0,27.0,49.0,47.0,53.0,51.0,61.0,58.0
Burkina Faso,Sahel,2022,12,23,54,18,0,0,0,3,5,2,10,7,36.0,22.0,37.0,36.0,42.0,40.0,29.0,27.0,49.0,47.0,53.0,51.0
Burkina Faso,Sahel,2023,1,30,93,12,0,13,1,4,18,0,2,11,24.0,23.0,36.0,22.0,37.0,36.0,42.0,40.0,29.0,27.0,49.0,47.0
Burkina Faso,Sahel,2023,2,32,266,18,0,10,1,10,16,2,7,11,31.0,30.0,24.0,23.0,36.0,22.0,37.0,36.0,42.0,40.0,29.0,27.0
Burkina Faso,Sahel,2023,3,39,206,15,0,9,0,14,13,13,7,7,36.0,32.0,31.0,30.0,24.0,23.0,36.0,22.0,37.0,36.0,42.0,40.0
Burkina Faso,Sahel,2023,4,44,233,22,0,1,2,31,6,24,6,15,40.0,39.0,36.0,32.0,31.0,30.0,24.0,23.0,36.0,22.0,37.0,36.0
Burkina Faso,Sahel,2023,5,44,170,26,0,4,2,13,10,11,7,18,51.0,44.0,40.0,39.0,36.0,32.0,31.0,30.0,24.0,23.0,36.0,22.0
Burkina Faso,Sahel,2023,6,31,48,22,0,3,0,6,5,5,9,13,46.0,44.0,51.0,44.0,40.0,39.0,36.0,32.0,31.0,30.0,24.0,23.0
Burkina Faso,Sahel,2023,7,29,148,17,0,5,2,9,9,6,2,15,32.0,31.0,46.0,44.0,51.0,44.0,40.0,39.0,36.0,32.0,31.0,30.0
Burkina Faso,Sahel,2023,8,22,48,24,0,0,3,7,0,6,9,15,32.0,29.0,32.0,31.0,46.0,44.0,51.0,44.0,40.0,39.0,36.0,32.0
Burkina Faso,Sahel,2023,9,17,48,10,0,2,1,7,4,6,2,7,30.0,22.0,32.0,29.0,32.0,31.0,46.0,44.0,51.0,44.0,40.0,39.0
Burkina Faso,Sahel,2023,10,48,109,23,1,7,0,16,12,18,10,9,19.0,17.0,30.0,22.0,32.0,29.0,32.0,31.0,46.0,44.0,51.0,44.0
Burkina Faso,Sahel,2023,11,30,167,11,0,3,0,15,7,13,8,2,49.0,48.0,19.0,17.0,30.0,22.0,32.0,29.0,32.0,31.0,46.0,44.0
Burkina Faso,Sahel,2023,12,40,303,19,1,2,2,31,8,24,5,7,30.0,30.0,49.0,48.0,19.0,17.0,30.0,22.0,32.0,29.0,32.0,31.0
Burkina Faso,Sahel,2024,1,20,74,6,0,6,1,8,7,8,2,4,44.0,40.0,30.0,30.0,49.0,48.0,19.0,17.0,30.0,22.0,32.0,29.0
Burkina Faso,Sahel,2024,2,25,137,17,1,2,1,7,6,10,0,11,21.0,20.0,44.0,40.0,30.0,30.0,49.0,48.0,19.0,17.0,30.0,22.0
Burkina Faso,Sahel,2024,3,18,47,13,0,2,1,6,3,4,4,9,27.0,25.0,21.0,20.0,44.0,40.0,30.0,30.0,49.0,48.0,19.0,17.0
Burkina Faso,Sahel,2024,4,26,165,11,3,2,0,13,8,9,2,9,20.0,18.0,27.0,25.0,21.0,20.0,44.0,40.0,30.0,30.0,49.0,48.0
Burkina Faso,Sud-Ouest,2021,7,0,1,1,0,1,0,0,0,0,0,1,0.0,0.0,0.0,0.0,0.0,0.0,0.0,0.0,0.0,0.0,0.0,0.0
Burkina Faso,Sud-Ouest,2021,8,0,3,1,0,1,0,0,0,0,0,1,1.0,0.0,0.0,0.0,0.0,0.0,0.0,0.0,0.0,0.0,0.0,0.0
Burkina Faso,Sud-Ouest,2021,10,1,0,1,0,0,2,0,0,0,2,0,1.0,0.0,1.0,0.0,0.0,0.0,0.0,0.0,0.0,0.0,0.0,0.0
Burkina Faso,Sud-Ouest,2021,11,3,32,1,0,1,0,2,2,0,1,1,2.0,1.0,1.0,0.0,1.0,0.0,0.0,0.0,0.0,0.0,0.0,0.0
Burkina Faso,Sud-Ouest,2021,12,3,6,5,0,0,0,2,0,0,1,4,4.0,3.0,2.0,1.0,1.0,0.0,1.0,0.0,0.0,0.0,0.0,0.0
Burkina Faso,Sud-Ouest,2022,1,6,13,2,0,2,0,2,3,1,2,0,5.0,3.0,4.0,3.0,2.0,1.0,1.0,0.0,1.0,0.0,0.0,0.0
Burkina Faso,Sud-Ouest,2022,2,8,16,5,0,0,0,7,1,4,2,3,6.0,6.0,5.0,3.0,4.0,3.0,2.0,1.0,1.0,0.0,1.0,0.0
Burkina Faso,Sud-Ouest,2022,3,3,6,2,0,1,1,1,1,1,2,0,10.0,8.0,6.0,6.0,5.0,3.0,4.0,3.0,2.0,1.0,1.0,0.0
Burkina Faso,Sud-Ouest,2022,4,6,23,4,0,1,0,1,2,0,1,3,4.0,3.0,10.0,8.0,6.0,6.0,5.0,3.0,4.0,3.0,2.0,1.0
Burkina Faso,Sud-Ouest,2022,5,1,11,0,0,1,0,2,2,0,0,0,6.0,6.0,4.0,3.0,10.0,8.0,6.0,6.0,5.0,3.0,4.0,3.0
Burkina Faso,Sud-Ouest,2022,6,1,23,0,0,0,1,2,2,0,0,0,2.0,1.0,6.0,6.0,4.0,3.0,10.0,8.0,6.0,6.0,5.0,3.0
Burkina Faso,Sud-Ouest,2022,7,1,1,2,0,0,1,0,0,0,0,2,2.0,1.0,2.0,1.0,6.0,6.0,4.0,3.0,10.0,8.0,6.0,6.0
Burkina Faso,Sud-Ouest,2022,8,7,0,2,0,0,0,5,0,5,1,1,2.0,1.0,2.0,1.0,2.0,1.0,6.0,6.0,4.0,3.0,10.0,8.0
Burkina Faso,Sud-Ouest,2022,9,1,0,1,0,0,0,0,0,0,0,1,7.0,7.0,2.0,1.0,2.0,1.0,2.0,1.0,6.0,6.0,4.0,3.0
Burkina Faso,Sud-Ouest,2022,10,6,2,5,0,2,0,0,1,0,3,2,1.0,1.0,7.0,7.0,2.0,1.0,2.0,1.0,2.0,1.0,6.0,6.0
Burkina Faso,Sud-Ouest,2022,11,1,1,2,0,0,1,0,0,0,0,2,6.0,6.0,1.0,1.0,7.0,7.0,2.0,1.0,2.0,1.0,2.0,1.0
Burkina Faso,Sud-Ouest,2022,12,3,5,2,0,1,0,0,1,0,1,1,2.0,1.0,6.0,6.0,1.0,1.0,7.0,7.0,2.0,1.0,2.0,1.0
Burkina Faso,Sud-Ouest,2023,1,2,17,2,0,2,0,0,1,1,0,1,3.0,3.0,2.0,1.0,6.0,6.0,1.0,1.0,7.0,7.0,2.0,1.0
Burkina Faso,Sud-Ouest,2023,2,1,4,2,0,0,1,0,0,0,0,2,3.0,2.0,3.0,3.0,2.0,1.0,6.0,6.0,1.0,1.0,7.0,7.0
Burkina Faso,Sud-Ouest,2023,3,1,1,0,0,1,0,0,1,0,0,0,2.0,1.0,3.0,2.0,3.0,3.0,2.0,1.0,6.0,6.0,1.0,1.0
Burkina Faso,Sud-Ouest,2023,4,1,10,0,0,0,0,1,0,1,0,0,1.0,1.0,2.0,1.0,3.0,2.0,3.0,3.0,2.0,1.0,6.0,6.0
Burkina Faso,Sud-Ouest,2023,5,1,11,0,0,0,0,1,1,0,0,0,1.0,1.0,1.0,1.0,2.0,1.0,3.0,2.0,3.0,3.0,2.0,1.0
Burkina Faso,Sud-Ouest,2023,6,0,10,1,0,1,0,0,0,0,0,1,1.0,1.0,1.0,1.0,1.0,1.0,2.0,1.0,3.0,2.0,3.0,3.0
Burkina Faso,Sud-Ouest,2023,7,2,11,1,0,1,0,0,1,0,0,1,1.0,0.0,1.0,1.0,1.0,1.0,1.0,1.0,2.0,1.0,3.0,2.0
Burkina Faso,Sud-Ouest,2023,8,3,43,1,0,1,0,1,1,1,0,1,2.0,2.0,1.0,0.0,1.0,1.0,1.0,1.0,1.0,1.0,2.0,1.0
Burkina Faso,Sud-Ouest,2023,9,0,0,1,0,0,0,1,0,0,0,1,3.0,3.0,2.0,2.0,1.0,0.0,1.0,1.0,1.0,1.0,1.0,1.0
Burkina Faso,Sud-Ouest,2023,12,3,21,2,1,0,0,2,2,0,2,0,1.0,0.0,3.0,3.0,2.0,2.0,1.0,0.0,1.0,1.0,1.0,1.0
Burkina Faso,Sud-Ouest,2024,1,2,3,0,0,1,0,1,1,1,0,0,4.0,3.0,1.0,0.0,3.0,3.0,2.0,2.0,1.0,0.0,1.0,1.0
Burkina Faso,Sud-Ouest,2024,2,3,17,0,0,1,0,2,2,1,0,0,2.0,2.0,4.0,3.0,1.0,0.0,3.0,3.0,2.0,2.0,1.0,0.0
Burkina Faso,Sud-Ouest,2024,3,4,9,1,1,0,0,5,3,1,1,1,3.0,3.0,2.0,2.0,4.0,3.0,1.0,0.0,3.0,3.0,2.0,2.0
Burkina Faso,Sud-Ouest,2024,4,3,24,0,0,1,0,2,2,0,1,0,6.0,4.0,3.0,3.0,2.0,2.0,4.0,3.0,1.0,0.0,3.0,3.0
Mali,Bamako,2021,7,0,1,2,0,0,1,1,0,0,1,1,0.0,0.0,0.0,0.0,0.0,0.0,0.0,0.0,0.0,0.0,0.0,0.0
Mali,Bamako,2021,9,0,0,1,0,0,0,1,0,0,0,1,2.0,0.0,0.0,0.0,0.0,0.0,0.0,0.0,0.0,0.0,0.0,0.0
Mali,Bamako,2021,11,0,0,0,0,0,2,0,1,0,0,0,1.0,0.0,2.0,0.0,0.0,0.0,0.0,0.0,0.0,0.0,0.0,0.0
Mali,Bamako,2022,4,0,0,1,0,0,0,1,0,0,0,1,1.0,0.0,1.0,0.0,2.0,0.0,0.0,0.0,0.0,0.0,0.0,0.0
Mali,Bamako,2022,6,0,0,1,0,0,1,0,0,0,1,0,1.0,0.0,1.0,0.0,1.0,0.0,2.0,0.0,0.0,0.0,0.0,0.0
Mali,Bamako,2022,7,0,0,2,0,0,0,2,0,0,2,0,1.0,0.0,1.0,0.0,1.0,0.0,1.0,0.0,2.0,0.0,0.0,0.0
Mali,Bamako,2022,8,0,0,1,0,0,0,1,0,0,0,1,2.0,0.0,1.0,0.0,1.0,0.0,1.0,0.0,1.0,0.0,2.0,0.0
Mali,Bamako,2022,11,1,1,4,0,0,3,0,0,0,0,4,1.0,0.0,2.0,0.0,1.0,0.0,1.0,0.0,1.0,0.0,1.0,0.0
Mali,Bamako,2022,12,0,2,1,0,0,1,0,0,0,0,1,4.0,1.0,1.0,0.0,2.0,0.0,1.0,0.0,1.0,0.0,1.0,0.0
Mali,Bamako,2023,1,0,0,1,0,0,0,1,0,0,1,0,1.0,0.0,4.0,1.0,1.0,0.0,2.0,0.0,1.0,0.0,1.0,0.0
Mali,Bamako,2023,3,0,0,3,0,0,1,2,0,0,1,2,1.0,0.0,1.0,0.0,4.0,1.0,1.0,0.0,2.0,0.0,1.0,0.0
Mali,Bamako,2023,4,0,3,1,0,0,0,2,0,0,1,1,3.0,0.0,1.0,0.0,1.0,0.0,4.0,1.0,1.0,0.0,2.0,0.0
Mali,Bamako,2023,6,0,0,0,1,0,0,0,0,0,1,0,2.0,0.0,3.0,0.0,1.0,0.0,1.0,0.0,4.0,1.0,1.0,0.0
Mali,Bamako,2023,7,0,0,1,0,0,0,1,0,0,0,1,1.0,0.0,2.0,0.0,3.0,0.0,1.0,0.0,1.0,0.0,4.0,1.0
Mali,Bamako,2023,12,0,0,0,1,0,0,0,0,0,1,0,1.0,0.0,1.0,0.0,2.0,0.0,3.0,0.0,1.0,0.0,1.0,0.0
Mali,Gao,2021,6,7,23,28,4,0,21,2,5,3,16,11,0.0,0.0,0.0,0.0,0.0,0.0,0.0,0.0,0.0,0.0,0.0,0.0
Mali,Gao,2021,7,4,17,8,8,0,4,2,3,6,3,6,35.0,7.0,0.0,0.0,0.0,0.0,0.0,0.0,0.0,0.0,0.0,0.0
Mali,Gao,2021,8,2,83,13,5,0,2,0,2,3,3,10,18.0,4.0,35.0,7.0,0.0,0.0,0.0,0.0,0.0,0.0,0.0,0.0
Mali,Gao,2021,9,3,7,6,3,2,4,1,5,1,1,6,18.0,2.0,18.0,4.0,35.0,7.0,0.0,0.0,0.0,0.0,0.0,0.0
Mali,Gao,2021,10,4,20,5,4,1,3,1,3,3,1,4,13.0,3.0,18.0,2.0,18.0,4.0,35.0,7.0,0.0,0.0,0.0,0.0
Mali,Gao,2021,11,3,38,4,1,0,1,1,3,1,2,2,11.0,4.0,13.0,3.0,18.0,2.0,18.0,4.0,35.0,7.0,0.0,0.0
Mali,Gao,2021,12,3,11,9,4,0,8,2,4,2,4,6,8.0,3.0,11.0,4.0,13.0,3.0,18.0,2.0,18.0,4.0,35.0,7.0
Mali,Gao,2022,1,7,20,13,3,0,7,1,4,2,7,6,16.0,3.0,8.0,3.0,11.0,4.0,13.0,3.0,18.0,2.0,18.0,4.0
Mali,Gao,2022,2,13,161,18,6,0,7,8,12,5,9,11,19.0,7.0,16.0,3.0,8.0,3.0,11.0,4.0,13.0,3.0,18.0,2.0
Mali,Gao,2022,3,17,234,14,5,0,6,6,8,2,1,13,37.0,13.0,19.0,7.0,16.0,3.0,8.0,3.0,11.0,4.0,13.0,3.0
Mali,Gao,2022,4,8,8,8,5,0,6,2,2,1,6,6,24.0,17.0,37.0,13.0,19.0,7.0,16.0,3.0,8.0,3.0,11.0,4.0
Mali,Gao,2022,5,14,23,16,2,0,8,1,2,0,7,12,15.0,8.0,24.0,17.0,37.0,13.0,19.0,7.0,16.0,3.0,8.0,3.0
Mali,Gao,2022,6,24,73,18,3,1,7,4,7,0,11,12,21.0,14.0,15.0,8.0,24.0,17.0,37.0,13.0,19.0,7.0,16.0,3.0
Mali,Gao,2022,7,11,31,10,5,0,7,0,4,1,4,8,30.0,24.0,21.0,14.0,15.0,8.0,24.0,17.0,37.0,13.0,19.0,7.0
Mali,Gao,2022,8,23,96,20,7,0,12,13,11,6,12,11,17.0,11.0,30.0,24.0,21.0,14.0,15.0,8.0,24.0,17.0,37.0,13.0
Mali,Gao,2022,9,27,107,34,3,0,7,3,6,1,19,15,40.0,23.0,17.0,11.0,30.0,24.0,21.0,14.0,15.0,8.0,24.0,17.0
Mali,Gao,2022,10,32,68,30,0,0,12,11,6,7,15,16,41.0,27.0,40.0,23.0,17.0,11.0,30.0,24.0,21.0,14.0,15.0,8.0
Mali,Gao,2022,11,19,25,18,1,0,3,2,3,2,8,9,44.0,32.0,41.0,27.0,40.0,23.0,17.0,11.0,30.0,24.0,21.0,14.0
Mali,Gao,2022,12,26,331,28,0,1,10,11,9,3,5,23,22.0,19.0,44.0,32.0,41.0,27.0,40.0,23.0,17.0,11.0,30.0,24.0
Mali,Gao,2023,1,21,16,29,1,0,12,6,5,1,15,14,40.0,26.0,22.0,19.0,44.0,32.0,41.0,27.0,40.0,23.0,17.0,11.0
Mali,Gao,2023,2,19,20,18,1,0,7,3,5,1,10,10,35.0,21.0,40.0,26.0,22.0,19.0,44.0,32.0,41.0,27.0,40.0,23.0
Mali,Gao,2023,3,26,57,25,0,0,11,7,5,5,15,10,26.0,19.0,35.0,21.0,40.0,26.0,22.0,19.0,44.0,32.0,41.0,27.0
Mali,Gao,2023,4,25,58,32,0,1,12,4,5,1,11,21,35.0,26.0,26.0,19.0,35.0,21.0,40.0,26.0,22.0,19.0,44.0,32.0
Mali,Gao,2023,5,19,54,24,1,0,11,3,4,0,13,14,38.0,25.0,35.0,26.0,26.0,19.0,35.0,21.0,40.0,26.0,22.0,19.0
Mali,Gao,2023,6,16,33,25,2,0,13,0,4,0,10,16,31.0,19.0,38.0,25.0,35.0,26.0,26.0,19.0,35.0,21.0,40.0,26.0
Mali,Gao,2023,7,19,17,17,2,0,9,11,7,1,16,10,30.0,16.0,31.0,19.0,38.0,25.0,35.0,26.0,26.0,19.0,35.0,21.0
Mali,Gao,2023,8,12,4,21,1,2,13,4,4,0,13,10,34.0,19.0,30.0,16.0,31.0,19.0,38.0,25.0,35.0,26.0,26.0,19.0
Mali,Gao,2023,9,16,252,16,3,0,11,17,11,4,9,13,27.0,12.0,34.0,19.0,30.0,16.0,31.0,19.0,38.0,25.0,35.0,26.0
Mali,Gao,2023,10,13,77,13,3,0,8,19,10,5,5,9,37.0,16.0,27.0,12.0,34.0,19.0,30.0,16.0,31.0,19.0,38.0,25.0
Mali,Gao,2023,11,9,17,12,3,0,3,4,3,1,4,9,29.0,13.0,37.0,16.0,27.0,12.0,34.0,19.0,30.0,16.0,31.0,19.0
Mali,Gao,2023,12,18,66,14,2,0,3,15,3,8,7,8,17.0,9.0,29.0,13.0,37.0,16.0,27.0,12.0,34.0,19.0,30.0,16.0
Mali,Gao,2024,1,18,29,24,2,0,7,12,5,5,10,13,26.0,18.0,17.0,9.0,29.0,13.0,37.0,16.0,27.0,12.0,34.0,19.0
Mali,Gao,2024,2,11,24,18,2,0,9,15,2,6,8,12,33.0,18.0,26.0,18.0,17.0,9.0,29.0,13.0,37.0,16.0,27.0,12.0
Mali,Gao,2024,3,21,58,17,0,0,3,11,6,6,7,8,28.0,11.0,33.0,18.0,26.0,18.0,17.0,9.0,29.0,13.0,37.0,16.0
Mali,Gao,2024,4,29,47,22,5,0,5,9,2,7,10,18,27.0,21.0,28.0,11.0,33.0,18.0,26.0,18.0,17.0,9.0,29.0,13.0
Mali,Kayes,2021,6,0,0,0,0,2,0,0,1,0,0,0,0.0,0.0,0.0,0.0,0.0,0.0,0.0,0.0,0.0,0.0,0.0,0.0
Mali,Kayes,2021,7,0,0,2,0,2,0,0,0,0,0,2,1.0,0.0,0.0,0.0,0.0,0.0,0.0,0.0,0.0,0.0,0.0,0.0
Mali,Kayes,2021,9,1,10,1,0,1,1,2,2,0,0,1,2.0,0.0,1.0,0.0,0.0,0.0,0.0,0.0,0.0,0.0,0.0,0.0
Mali,Kayes,2021,10,1,0,0,0,0,0,1,0,1,0,0,3.0,1.0,2.0,0.0,1.0,0.0,0.0,0.0,0.0,0.0,0.0,0.0
Mali,Kayes,2021,12,1,2,0,0,0,2,1,2,0,0,0,1.0,1.0,3.0,1.0,2.0,0.0,1.0,0.0,0.0,0.0,0.0,0.0
Mali,Kayes,2022,1,0,0,1,0,0,1,0,0,0,0,1,2.0,1.0,1.0,1.0,3.0,1.0,2.0,0.0,1.0,0.0,0.0,0.0
Mali,Kayes,2022,2,1,0,1,0,0,0,0,0,0,0,1,1.0,0.0,2.0,1.0,1.0,1.0,3.0,1.0,2.0,0.0,1.0,0.0
Mali,Kayes,2022,3,2,3,1,0,0,1,2,2,0,0,1,1.0,1.0,1.0,0.0,2.0,1.0,1.0,1.0,3.0,1.0,2.0,0.0
Mali,Kayes,2022,4,1,1,0,0,0,0,1,1,0,0,0,3.0,2.0,1.0,1.0,1.0,0.0,2.0,1.0,1.0,1.0,3.0,1.0
Mali,Kayes,2022,5,0,0,1,0,0,1,0,0,0,0,1,1.0,1.0,3.0,2.0,1.0,1.0,1.0,0.0,2.0,1.0,1.0,1.0
Mali,Kayes,2022,6,2,4,6,0,0,5,1,0,1,2,4,1.0,0.0,1.0,1.0,3.0,2.0,1.0,1.0,1.0,0.0,2.0,1.0
Mali,Kayes,2022,7,1,4,1,0,0,1,1,1,0,0,1,7.0,2.0,1.0,0.0,1.0,1.0,3.0,2.0,1.0,1.0,1.0,0.0
Mali,Kayes,2022,8,1,0,1,0,0,2,0,1,0,1,0,2.0,1.0,7.0,2.0,1.0,0.0,1.0,1.0,3.0,2.0,1.0,1.0
Mali,Kayes,2022,9,2,13,1,0,1,0,2,2,0,0,1,2.0,1.0,2.0,1.0,7.0,2.0,1.0,0.0,1.0,1.0,3.0,2.0
Mali,Kayes,2022,10,1,5,3,0,0,3,1,1,0,3,0,3.0,2.0,2.0,1.0,2.0,1.0,7.0,2.0,1.0,0.0,1.0,1.0
Mali,Kayes,2022,11,1,2,5,0,0,5,2,2,0,4,1,4.0,1.0,3.0,2.0,2.0,1.0,2.0,1.0,7.0,2.0,1.0,0.0
Mali,Kayes,2022,12,2,2,2,0,2,4,0,2,0,1,2,7.0,1.0,4.0,1.0,3.0,2.0,2.0,1.0,2.0,1.0,7.0,2.0
Mali,Kayes,2023,1,2,8,5,0,0,5,2,2,0,1,4,5.0,2.0,7.0,1.0,4.0,1.0,3.0,2.0,2.0,1.0,2.0,1.0
Mali,Kayes,2023,2,0,1,3,0,0,3,0,0,0,2,1,7.0,2.0,5.0,2.0,7.0,1.0,4.0,1.0,3.0,2.0,2.0,1.0
Mali,Kayes,2023,3,1,0,1,0,0,3,1,2,0,0,1,3.0,0.0,7.0,2.0,5.0,2.0,7.0,1.0,4.0,1.0,3.0,2.0
Mali,Kayes,2023,4,3,0,2,0,0,3,1,1,0,3,1,3.0,1.0,3.0,0.0,7.0,2.0,5.0,2.0,7.0,1.0,4.0,1.0
Mali,Kayes,2023,5,5,11,3,0,1,2,3,4,0,0,3,5.0,3.0,3.0,1.0,3.0,0.0,7.0,2.0,5.0,2.0,7.0,1.0
Mali,Kayes,2023,6,9,14,4,0,0,5,4,7,0,4,0,7.0,5.0,5.0,3.0,3.0,1.0,3.0,0.0,7.0,2.0,5.0,2.0
Mali,Kayes,2023,7,2,3,1,0,0,0,1,1,0,0,1,11.0,9.0,7.0,5.0,5.0,3.0,3.0,1.0,3.0,0.0,7.0,2.0
Mali,Kayes,2023,9,0,0,1,0,0,1,0,0,0,1,0,2.0,2.0,11.0,9.0,7.0,5.0,5.0,3.0,3.0,1.0,3.0,0.0
Mali,Kayes,2023,10,1,0,0,1,0,0,0,1,0,0,0,1.0,0.0,2.0,2.0,11.0,9.0,7.0,5.0,5.0,3.0,3.0,1.0
Mali,Kayes,2023,12,1,0,1,0,0,0,0,0,0,0,1,1.0,1.0,1.0,0.0,2.0,2.0,11.0,9.0,7.0,5.0,5.0,3.0
Mali,Kayes,2024,1,1,1,1,0,0,0,2,1,0,0,1,1.0,1.0,1.0,1.0,1.0,0.0,2.0,2.0,11.0,9.0,7.0,5.0
Mali,Kayes,2024,2,7,8,1,0,0,1,7,7,0,1,0,2.0,1.0,1.0,1.0,1.0,1.0,1.0,0.0,2.0,2.0,11.0,9.0
Mali,Kayes,2024,3,3,3,0,0,0,0,3,3,0,0,0,8.0,7.0,2.0,1.0,1.0,1.0,1.0,1.0,1.0,0.0,2.0,2.0
Mali,Kayes,2024,4,1,10,3,0,0,2,2,1,0,1,2,3.0,3.0,8.0,7.0,2.0,1.0,1.0,1.0,1.0,1.0,1.0,0.0
Mali,Kidal,2021,6,3,4,0,3,0,0,0,3,0,0,0,0.0,0.0,0.0,0.0,0.0,0.0,0.0,0.0,0.0,0.0,0.0,0.0
Mali,Kidal,2021,7,11,1,1,10,0,0,0,1,8,1,1,3.0,3.0,0.0,0.0,0.0,0.0,0.0,0.0,0.0,0.0,0.0,0.0
Mali,Kidal,2021,8,7,0,0,7,0,0,0,0,6,1,0,11.0,11.0,3.0,3.0,0.0,0.0,0.0,0.0,0.0,0.0,0.0,0.0
Mali,Kidal,2021,9,3,0,0,3,0,0,0,0,3,0,0,7.0,7.0,11.0,11.0,3.0,3.0,0.0,0.0,0.0,0.0,0.0,0.0
Mali,Kidal,2021,10,5,2,3,6,0,0,0,0,3,3,1,3.0,3.0,7.0,7.0,11.0,11.0,3.0,3.0,0.0,0.0,0.0,0.0
Mali,Kidal,2021,11,5,1,0,6,0,1,1,1,3,3,0,7.0,5.0,3.0,3.0,7.0,7.0,11.0,11.0,3.0,3.0,0.0,0.0
Mali,Kidal,2021,12,6,2,0,6,0,0,0,2,3,1,0,7.0,5.0,7.0,5.0,3.0,3.0,7.0,7.0,11.0,11.0,3.0,3.0
Mali,Kidal,2022,1,2,0,0,2,0,0,0,0,1,1,0,6.0,6.0,7.0,5.0,7.0,5.0,3.0,3.0,7.0,7.0,11.0,11.0
Mali,Kidal,2022,2,5,1,2,4,0,1,0,0,2,2,2,2.0,2.0,6.0,6.0,7.0,5.0,7.0,5.0,3.0,3.0,7.0,7.0
Mali,Kidal,2022,3,1,1,0,1,0,0,0,0,1,0,0,6.0,5.0,2.0,2.0,6.0,6.0,7.0,5.0,7.0,5.0,3.0,3.0
Mali,Kidal,2022,4,0,0,0,1,0,1,0,1,0,0,0,1.0,1.0,6.0,5.0,2.0,2.0,6.0,6.0,7.0,5.0,7.0,5.0
Mali,Kidal,2022,5,3,0,0,3,0,0,0,0,3,0,0,1.0,0.0,1.0,1.0,6.0,5.0,2.0,2.0,6.0,6.0,7.0,5.0
Mali,Kidal,2022,6,5,5,0,5,0,2,0,3,3,0,0,3.0,3.0,1.0,0.0,1.0,1.0,6.0,5.0,2.0,2.0,6.0,6.0
Mali,Kidal,2022,7,0,0,2,1,0,1,0,0,1,0,1,6.0,5.0,3.0,3.0,1.0,0.0,1.0,1.0,6.0,5.0,2.0,2.0
Mali,Kidal,2022,8,2,2,1,3,0,2,0,0,2,1,1,2.0,0.0,6.0,5.0,3.0,3.0,1.0,0.0,1.0,1.0,6.0,5.0
Mali,Kidal,2022,9,4,0,0,4,0,0,0,0,2,3,0,4.0,2.0,2.0,0.0,6.0,5.0,3.0,3.0,1.0,0.0,1.0,1.0
Mali,Kidal,2022,10,2,4,2,2,0,2,0,0,2,2,1,5.0,4.0,4.0,2.0,2.0,0.0,6.0,5.0,3.0,3.0,1.0,0.0
Mali,Kidal,2022,11,5,2,6,0,0,1,0,0,1,3,2,5.0,2.0,5.0,4.0,4.0,2.0,2.0,0.0,6.0,5.0,3.0,3.0
Mali,Kidal,2022,12,1,0,0,1,0,0,0,0,0,1,0,6.0,5.0,5.0,2.0,5.0,4.0,4.0,2.0,2.0,0.0,6.0,5.0
Mali,Kidal,2023,2,3,0,3,1,0,1,0,0,0,5,0,1.0,1.0,6.0,5.0,5.0,2.0,5.0,4.0,4.0,2.0,2.0,0.0
Mali,Kidal,2023,3,2,0,1,2,1,1,0,0,1,2,1,5.0,3.0,1.0,1.0,6.0,5.0,5.0,2.0,5.0,4.0,4.0,2.0
Mali,Kidal,2023,4,0,2,1,0,0,1,1,0,0,1,1,4.0,2.0,5.0,3.0,1.0,1.0,6.0,5.0,5.0,2.0,5.0,4.0
Mali,Kidal,2023,5,2,0,0,2,0,0,0,0,1,1,0,2.0,0.0,4.0,2.0,5.0,3.0,1.0,1.0,6.0,5.0,5.0,2.0
Mali,Kidal,2023,6,1,1,0,3,0,0,0,1,0,1,0,2.0,2.0,2.0,0.0,4.0,2.0,5.0,3.0,1.0,1.0,6.0,5.0
Mali,Kidal,2023,7,2,0,0,2,0,0,0,0,1,1,0,2.0,1.0,2.0,2.0,2.0,0.0,4.0,2.0,5.0,3.0,1.0,1.0
Mali,Kidal,2023,8,0,0,1,1,0,0,4,1,2,2,0,2.0,2.0,2.0,1.0,2.0,2.0,2.0,0.0,4.0,2.0,5.0,3.0
Mali,Kidal,2023,9,1,0,2,0,0,1,0,0,0,2,0,5.0,0.0,2.0,2.0,2.0,1.0,2.0,2.0,2.0,0.0,4.0,2.0
Mali,Kidal,2023,10,12,20,5,17,0,12,21,8,16,11,2,2.0,1.0,5.0,0.0,2.0,2.0,2.0,1.0,2.0,2.0,2.0,0.0
Mali,Kidal,2023,11,11,41,12,7,0,13,30,4,23,6,5,37.0,12.0,2.0,1.0,5.0,0.0,2.0,2.0,2.0,1.0,2.0,2.0
Mali,Kidal,2023,12,13,47,14,2,0,4,32,1,21,6,6,38.0,11.0,37.0,12.0,2.0,1.0,5.0,0.0,2.0,2.0,2.0,1.0
Mali,Kidal,2024,1,3,13,9,3,0,0,9,0,5,3,4,34.0,13.0,38.0,11.0,37.0,12.0,2.0,1.0,5.0,0.0,2.0,2.0
Mali,Kidal,2024,2,5,34,15,2,0,0,16,1,9,5,4,12.0,3.0,34.0,13.0,38.0,11.0,37.0,12.0,2.0,1.0,5.0,0.0
Mali,Kidal,2024,3,3,8,6,3,0,0,6,0,5,3,1,19.0,5.0,12.0,3.0,34.0,13.0,38.0,11.0,37.0,12.0,2.0,1.0
Mali,Kidal,2024,4,2,15,8,4,0,3,6,1,0,7,4,9.0,3.0,19.0,5.0,12.0,3.0,34.0,13.0,38.0,11.0,37.0,12.0
Mali,Koulikoro,2021,6,1,0,1,0,0,0,0,0,0,0,1,0.0,0.0,0.0,0.0,0.0,0.0,0.0,0.0,0.0,0.0,0.0,0.0
Mali,Koulikoro,2021,7,2,0,1,0,0,0,1,1,0,0,1,1.0,1.0,0.0,0.0,0.0,0.0,0.0,0.0,0.0,0.0,0.0,0.0
Mali,Koulikoro,2021,8,3,1,1,0,0,1,3,1,3,0,0,2.0,2.0,1.0,1.0,0.0,0.0,0.0,0.0,0.0,0.0,0.0,0.0
Mali,Koulikoro,2021,9,1,3,3,0,0,1,1,0,0,0,3,4.0,3.0,2.0,2.0,1.0,1.0,0.0,0.0,0.0,0.0,0.0,0.0
Mali,Koulikoro,2021,10,2,3,0,0,0,0,2,2,0,0,0,3.0,1.0,4.0,3.0,2.0,2.0,1.0,1.0,0.0,0.0,0.0,0.0
Mali,Koulikoro,2021,11,2,14,1,0,0,1,2,2,0,0,1,2.0,2.0,3.0,1.0,4.0,3.0,2.0,2.0,1.0,1.0,0.0,0.0
Mali,Koulikoro,2021,12,4,39,4,0,0,0,8,3,1,0,4,3.0,2.0,2.0,2.0,3.0,1.0,4.0,3.0,2.0,2.0,1.0,1.0
Mali,Koulikoro,2022,1,5,60,2,0,0,0,7,5,0,0,2,8.0,4.0,3.0,2.0,2.0,2.0,3.0,1.0,4.0,3.0,2.0,2.0
Mali,Koulikoro,2022,2,2,3,2,0,0,2,2,1,1,1,1,7.0,5.0,8.0,4.0,3.0,2.0,2.0,2.0,3.0,1.0,4.0,3.0
Mali,Koulikoro,2022,3,1,35,2,0,0,2,3,2,0,0,2,4.0,2.0,7.0,5.0,8.0,4.0,3.0,2.0,2.0,2.0,3.0,1.0
Mali,Koulikoro,2022,4,3,5,2,0,0,1,2,2,0,1,1,4.0,1.0,4.0,2.0,7.0,5.0,8.0,4.0,3.0,2.0,2.0,2.0
Mali,Koulikoro,2022,5,7,28,1,0,0,0,6,5,0,1,1,4.0,3.0,4.0,1.0,4.0,2.0,7.0,5.0,8.0,4.0,3.0,2.0
Mali,Koulikoro,2022,6,7,11,3,0,0,0,6,4,1,3,0,7.0,7.0,4.0,3.0,4.0,1.0,4.0,2.0,7.0,5.0,8.0,4.0
Mali,Koulikoro,2022,7,5,29,1,0,0,0,6,4,1,0,1,8.0,7.0,7.0,7.0,4.0,3.0,4.0,1.0,4.0,2.0,7.0,5.0
Mali,Koulikoro,2022,8,4,50,4,0,0,2,2,0,2,3,1,6.0,5.0,8.0,7.0,7.0,7.0,4.0,3.0,4.0,1.0,4.0,2.0
Mali,Koulikoro,2022,9,3,4,4,0,0,4,3,2,1,1,3,6.0,4.0,6.0,5.0,8.0,7.0,7.0,7.0,4.0,3.0,4.0,1.0
Mali,Koulikoro,2022,10,3,6,2,1,0,2,4,2,0,2,2,7.0,3.0,6.0,4.0,6.0,5.0,8.0,7.0,7.0,7.0,4.0,3.0
Mali,Koulikoro,2022,11,4,0,2,0,0,0,2,0,2,2,0,6.0,3.0,7.0,3.0,6.0,4.0,6.0,5.0,8.0,7.0,7.0,7.0
Mali,Koulikoro,2022,12,2,11,2,0,0,1,1,0,1,0,2,4.0,4.0,6.0,3.0,7.0,3.0,6.0,4.0,6.0,5.0,8.0,7.0
Mali,Koulikoro,2023,1,8,22,4,0,2,3,3,6,0,1,3,3.0,2.0,4.0,4.0,6.0,3.0,7.0,3.0,6.0,4.0,6.0,5.0
Mali,Koulikoro,2023,2,6,7,0,0,0,0,6,5,1,0,0,10.0,8.0,3.0,2.0,4.0,4.0,6.0,3.0,7.0,3.0,6.0,4.0
Mali,Koulikoro,2023,3,6,7,0,0,0,0,6,6,0,0,0,6.0,6.0,10.0,8.0,3.0,2.0,4.0,4.0,6.0,3.0,7.0,3.0
Mali,Koulikoro,2023,4,15,37,3,0,4,1,11,9,1,8,1,6.0,6.0,6.0,6.0,10.0,8.0,3.0,2.0,4.0,4.0,6.0,3.0
Mali,Koulikoro,2023,5,4,7,3,1,0,1,5,1,3,1,2,19.0,15.0,6.0,6.0,6.0,6.0,10.0,8.0,3.0,2.0,4.0,4.0
Mali,Koulikoro,2023,6,19,7,20,3,0,1,5,3,1,16,4,7.0,4.0,19.0,15.0,6.0,6.0,6.0,6.0,10.0,8.0,3.0,2.0
Mali,Koulikoro,2023,7,3,34,4,0,2,1,4,3,0,0,4,24.0,19.0,7.0,4.0,19.0,15.0,6.0,6.0,6.0,6.0,10.0,8.0
Mali,Koulikoro,2023,8,4,30,11,1,0,2,6,0,0,3,9,7.0,3.0,24.0,19.0,7.0,4.0,19.0,15.0,6.0,6.0,6.0,6.0
Mali,Koulikoro,2023,9,4,4,3,0,0,0,4,2,0,2,2,12.0,4.0,7.0,3.0,24.0,19.0,7.0,4.0,19.0,15.0,6.0,6.0
Mali,Koulikoro,2023,10,3,7,3,0,0,1,5,1,1,1,3,6.0,4.0,12.0,4.0,7.0,3.0,24.0,19.0,7.0,4.0,19.0,15.0
Mali,Koulikoro,2023,11,2,15,1,0,0,0,3,1,1,1,0,6.0,3.0,6.0,4.0,12.0,4.0,7.0,3.0,24.0,19.0,7.0,4.0
Mali,Koulikoro,2023,12,10,55,4,0,0,0,10,2,6,3,1,3.0,2.0,6.0,3.0,6.0,4.0,12.0,4.0,7.0,3.0,24.0,19.0
Mali,Koulikoro,2024,1,3,36,4,1,0,0,4,1,1,2,2,12.0,10.0,3.0,2.0,6.0,3.0,6.0,4.0,12.0,4.0,7.0,3.0
Mali,Koulikoro,2024,2,7,78,4,2,0,0,9,5,2,1,3,6.0,3.0,12.0,10.0,3.0,2.0,6.0,3.0,6.0,4.0,12.0,4.0
Mali,Koulikoro,2024,3,9,10,4,0,1,1,7,7,0,0,4,11.0,7.0,6.0,3.0,12.0,10.0,3.0,2.0,6.0,3.0,6.0,4.0
Mali,Koulikoro,2024,4,6,30,5,2,0,2,8,2,4,2,4,11.0,9.0,11.0,7.0,6.0,3.0,12.0,10.0,3.0,2.0,6.0,3.0
Mali,Menaka,2021,6,1,23,0,3,0,2,0,4,1,0,0,0.0,0.0,0.0,0.0,0.0,0.0,0.0,0.0,0.0,0.0,0.0,0.0
Mali,Menaka,2021,7,1,2,0,2,0,0,0,1,1,0,0,5.0,1.0,0.0,0.0,0.0,0.0,0.0,0.0,0.0,0.0,0.0,0.0
Mali,Menaka,2021,8,1,9,6,0,0,1,1,0,1,0,6,2.0,1.0,5.0,1.0,0.0,0.0,0.0,0.0,0.0,0.0,0.0,0.0
Mali,Menaka,2021,9,0,5,2,1,0,3,0,2,0,1,1,7.0,1.0,2.0,1.0,5.0,1.0,0.0,0.0,0.0,0.0,0.0,0.0
Mali,Menaka,2021,10,0,2,1,1,0,0,0,1,0,0,1,4.0,0.0,7.0,1.0,2.0,1.0,5.0,1.0,0.0,0.0,0.0,0.0
Mali,Menaka,2021,11,1,0,2,0,1,4,1,2,1,0,2,2.0,0.0,4.0,0.0,7.0,1.0,2.0,1.0,5.0,1.0,0.0,0.0
Mali,Menaka,2021,12,1,2,4,1,0,3,0,0,1,1,3,5.0,1.0,2.0,0.0,4.0,0.0,7.0,1.0,2.0,1.0,5.0,1.0
Mali,Menaka,2022,1,1,11,5,3,0,5,2,2,2,3,4,5.0,1.0,5.0,1.0,2.0,0.0,4.0,0.0,7.0,1.0,2.0,1.0
Mali,Menaka,2022,2,0,7,2,2,0,2,1,0,2,2,1,11.0,1.0,5.0,1.0,5.0,1.0,2.0,0.0,4.0,0.0,7.0,1.0
Mali,Menaka,2022,3,23,277,12,4,0,14,2,14,5,4,8,5.0,0.0,11.0,1.0,5.0,1.0,5.0,1.0,2.0,0.0,4.0,0.0
Mali,Menaka,2022,4,7,18,7,2,0,5,0,3,0,3,5,31.0,23.0,5.0,0.0,11.0,1.0,5.0,1.0,5.0,1.0,2.0,0.0
Mali,Menaka,2022,5,14,88,10,2,0,4,0,4,0,3,8,11.0,7.0,31.0,23.0,5.0,0.0,11.0,1.0,5.0,1.0,5.0,1.0
Mali,Menaka,2022,6,7,96,13,2,0,10,3,3,0,6,10,15.0,14.0,11.0,7.0,31.0,23.0,5.0,0.0,11.0,1.0,5.0,1.0
Mali,Menaka,2022,7,13,35,16,2,0,6,1,1,1,7,10,19.0,7.0,15.0,14.0,11.0,7.0,31.0,23.0,5.0,0.0,11.0,1.0
Mali,Menaka,2022,8,18,125,17,2,0,5,2,6,1,8,9,19.0,13.0,19.0,7.0,15.0,14.0,11.0,7.0,31.0,23.0,5.0,0.0
Mali,Menaka,2022,9,2,0,6,0,0,3,0,0,0,6,0,24.0,18.0,19.0,13.0,19.0,7.0,15.0,14.0,11.0,7.0,31.0,23.0
Mali,Menaka,2022,10,14,130,7,0,0,1,1,8,0,4,4,6.0,2.0,24.0,18.0,19.0,13.0,19.0,7.0,15.0,14.0,11.0,7.0
Mali,Menaka,2022,11,11,15,15,1,0,4,1,2,0,6,9,16.0,14.0,6.0,2.0,24.0,18.0,19.0,13.0,19.0,7.0,15.0,14.0
Mali,Menaka,2022,12,3,6,7,0,0,3,1,0,0,2,5,17.0,11.0,16.0,14.0,6.0,2.0,24.0,18.0,19.0,13.0,19.0,7.0
Mali,Menaka,2023,1,8,15,8,0,0,1,0,1,0,0,8,7.0,3.0,17.0,11.0,16.0,14.0,6.0,2.0,24.0,18.0,19.0,13.0
Mali,Menaka,2023,2,10,21,8,1,0,3,1,3,1,2,6,9.0,8.0,7.0,3.0,17.0,11.0,16.0,14.0,6.0,2.0,24.0,18.0
Mali,Menaka,2023,3,14,207,9,3,0,4,6,6,2,4,6,12.0,10.0,9.0,8.0,7.0,3.0,17.0,11.0,16.0,14.0,6.0,2.0
Mali,Menaka,2023,4,9,16,11,0,0,1,1,0,0,6,6,18.0,14.0,12.0,10.0,9.0,8.0,7.0,3.0,17.0,11.0,16.0,14.0
Mali,Menaka,2023,5,8,15,11,0,0,5,4,2,0,4,8,12.0,9.0,18.0,14.0,12.0,10.0,9.0,8.0,7.0,3.0,17.0,11.0
Mali,Menaka,2023,6,4,13,5,0,0,3,0,1,0,0,5,14.0,8.0,12.0,9.0,18.0,14.0,12.0,10.0,9.0,8.0,7.0,3.0
Mali,Menaka,2023,7,4,24,8,0,0,3,2,0,1,1,7,6.0,4.0,14.0,8.0,12.0,9.0,18.0,14.0,12.0,10.0,9.0,8.0
Mali,Menaka,2023,8,9,23,6,3,0,2,2,3,0,4,5,9.0,4.0,6.0,4.0,14.0,8.0,12.0,9.0,18.0,14.0,12.0,10.0
Mali,Menaka,2023,9,4,8,2,1,0,3,1,3,1,2,0,12.0,9.0,9.0,4.0,6.0,4.0,14.0,8.0,12.0,9.0,18.0,14.0
Mali,Menaka,2023,10,8,193,7,4,0,0,3,0,5,2,5,6.0,4.0,12.0,9.0,9.0,4.0,6.0,4.0,14.0,8.0,12.0,9.0
Mali,Menaka,2023,11,2,4,2,1,0,0,2,0,3,1,0,12.0,8.0,6.0,4.0,12.0,9.0,9.0,4.0,6.0,4.0,14.0,8.0
Mali,Menaka,2023,12,6,24,2,0,0,0,4,2,3,0,2,4.0,2.0,12.0,8.0,6.0,4.0,12.0,9.0,9.0,4.0,6.0,4.0
Mali,Menaka,2024,1,10,27,9,0,0,0,6,2,4,7,1,7.0,6.0,4.0,2.0,12.0,8.0,6.0,4.0,12.0,9.0,9.0,4.0
Mali,Menaka,2024,2,7,23,7,1,0,0,2,1,0,3,5,14.0,10.0,7.0,6.0,4.0,2.0,12.0,8.0,6.0,4.0,12.0,9.0
Mali,Menaka,2024,3,8,6,9,0,0,2,3,1,2,7,1,9.0,7.0,14.0,10.0,7.0,6.0,4.0,2.0,12.0,8.0,6.0,4.0
Mali,Menaka,2024,4,9,18,5,2,0,1,1,2,3,3,1,11.0,8.0,9.0,7.0,14.0,10.0,7.0,6.0,4.0,2.0,12.0,8.0
Mali,Mopti,2021,6,34,35,36,1,9,3,3,6,1,6,30,0.0,0.0,0.0,0.0,0.0,0.0,0.0,0.0,0.0,0.0,0.0,0.0
Mali,Mopti,2021,7,58,69,46,2,19,2,9,16,6,16,30,43.0,34.0,0.0,0.0,0.0,0.0,0.0,0.0,0.0,0.0,0.0,0.0
Mali,Mopti,2021,8,41,90,27,0,20,1,4,18,4,9,18,68.0,58.0,43.0,34.0,0.0,0.0,0.0,0.0,0.0,0.0,0.0,0.0
Mali,Mopti,2021,9,22,32,16,0,15,4,2,9,6,6,9,49.0,41.0,68.0,58.0,43.0,34.0,0.0,0.0,0.0,0.0,0.0,0.0
Mali,Mopti,2021,10,25,100,19,3,17,2,5,12,6,7,11,30.0,22.0,49.0,41.0,68.0,58.0,43.0,34.0,0.0,0.0,0.0,0.0
Mali,Mopti,2021,11,23,30,11,1,17,3,5,16,4,2,8,36.0,25.0,30.0,22.0,49.0,41.0,68.0,58.0,43.0,34.0,0.0,0.0
Mali,Mopti,2021,12,29,109,14,2,12,2,11,10,12,3,11,30.0,23.0,36.0,25.0,30.0,22.0,49.0,41.0,68.0,58.0,43.0,34.0
Mali,Mopti,2022,1,43,128,16,3,9,0,23,15,18,7,9,36.0,29.0,30.0,23.0,36.0,25.0,30.0,22.0,49.0,41.0,68.0,58.0
Mali,Mopti,2022,2,34,31,11,1,4,1,20,12,5,11,9,49.0,43.0,36.0,29.0,30.0,23.0,36.0,25.0,30.0,22.0,49.0,41.0
Mali,Mopti,2022,3,32,532,21,9,11,1,17,17,6,6,17,37.0,34.0,49.0,43.0,36.0,29.0,30.0,23.0,36.0,25.0,30.0,22.0
Mali,Mopti,2022,4,35,175,30,1,9,0,17,6,11,8,21,46.0,32.0,37.0,34.0,49.0,43.0,36.0,29.0,30.0,23.0,36.0,25.0
Mali,Mopti,2022,5,52,131,40,5,13,4,20,20,7,7,33,46.0,35.0,46.0,32.0,37.0,34.0,49.0,43.0,36.0,29.0,30.0,23.0
Mali,Mopti,2022,6,65,271,38,4,31,0,12,29,6,13,27,67.0,52.0,46.0,35.0,46.0,32.0,37.0,34.0,49.0,43.0,36.0,29.0
Mali,Mopti,2022,7,45,72,28,1,6,3,24,11,10,13,21,75.0,65.0,67.0,52.0,46.0,35.0,46.0,32.0,37.0,34.0,49.0,43.0
Mali,Mopti,2022,8,42,164,41,5,13,2,21,15,11,22,20,55.0,45.0,75.0,65.0,67.0,52.0,46.0,35.0,46.0,32.0,37.0,34.0
Mali,Mopti,2022,9,34,134,28,7,10,1,27,10,14,15,16,68.0,42.0,55.0,45.0,75.0,65.0,67.0,52.0,46.0,35.0,46.0,32.0
Mali,Mopti,2022,10,43,92,38,0,10,3,32,18,8,16,21,55.0,34.0,68.0,42.0,55.0,45.0,75.0,65.0,67.0,52.0,46.0,35.0
Mali,Mopti,2022,11,47,120,53,9,3,2,42,16,6,17,37,63.0,43.0,55.0,34.0,68.0,42.0,55.0,45.0,75.0,65.0,67.0,52.0
Mali,Mopti,2022,12,17,86,21,3,8,1,12,10,0,6,15,76.0,47.0,63.0,43.0,55.0,34.0,68.0,42.0,55.0,45.0,75.0,65.0
Mali,Mopti,2023,1,30,88,40,1,10,1,27,10,8,7,30,31.0,17.0,76.0,47.0,63.0,43.0,55.0,34.0,68.0,42.0,55.0,45.0
Mali,Mopti,2023,2,43,157,33,2,11,1,29,20,10,13,21,55.0,30.0,31.0,17.0,76.0,47.0,63.0,43.0,55.0,34.0,68.0,42.0
Mali,Mopti,2023,3,28,155,36,4,11,0,23,8,12,19,13,64.0,43.0,55.0,30.0,31.0,17.0,76.0,47.0,63.0,43.0,55.0,34.0
Mali,Mopti,2023,4,27,198,23,7,13,0,15,13,8,9,13,52.0,28.0,64.0,43.0,55.0,30.0,31.0,17.0,76.0,47.0,63.0,43.0
Mali,Mopti,2023,5,37,110,43,4,16,1,30,14,8,17,28,43.0,27.0,52.0,28.0,64.0,43.0,55.0,30.0,31.0,17.0,76.0,47.0
Mali,Mopti,2023,6,43,85,40,3,13,2,11,13,9,17,21,67.0,37.0,43.0,27.0,52.0,28.0,64.0,43.0,55.0,30.0,31.0,17.0
Mali,Mopti,2023,7,49,192,39,5,20,2,18,24,4,19,21,60.0,43.0,67.0,37.0,43.0,27.0,52.0,28.0,64.0,43.0,55.0,30.0
Mali,Mopti,2023,8,34,115,26,5,11,0,12,11,5,18,14,68.0,49.0,60.0,43.0,67.0,37.0,43.0,27.0,52.0,28.0,64.0,43.0
Mali,Mopti,2023,9,24,90,14,0,9,0,9,9,8,6,6,48.0,34.0,68.0,49.0,60.0,43.0,67.0,37.0,43.0,27.0,52.0,28.0
Mali,Mopti,2023,10,33,78,26,3,3,0,17,7,8,13,15,29.0,24.0,48.0,34.0,68.0,49.0,60.0,43.0,67.0,37.0,43.0,27.0
Mali,Mopti,2023,11,37,72,26,1,8,0,15,12,6,15,13,43.0,33.0,29.0,24.0,48.0,34.0,68.0,49.0,60.0,43.0,67.0,37.0
Mali,Mopti,2023,12,33,114,24,2,9,0,15,10,9,7,17,46.0,37.0,43.0,33.0,29.0,24.0,48.0,34.0,68.0,49.0,60.0,43.0
Mali,Mopti,2024,1,35,73,25,4,9,1,12,13,9,10,11,43.0,33.0,46.0,37.0,43.0,33.0,29.0,24.0,48.0,34.0,68.0,49.0
Mali,Mopti,2024,2,45,46,35,12,10,1,19,19,8,13,21,43.0,35.0,43.0,33.0,46.0,37.0,43.0,33.0,29.0,24.0,48.0,34.0
Mali,Mopti,2024,3,39,109,27,2,15,2,21,18,15,7,14,61.0,45.0,43.0,35.0,43.0,33.0,46.0,37.0,43.0,33.0,29.0,24.0
Mali,Mopti,2024,4,32,104,18,0,9,3,21,17,8,4,13,54.0,39.0,61.0,45.0,43.0,35.0,43.0,33.0,46.0,37.0,43.0,33.0
Mali,Segou,2021,6,1,7,1,0,2,0,0,1,0,0,1,0.0,0.0,0.0,0.0,0.0,0.0,0.0,0.0,0.0,0.0,0.0,0.0
Mali,Segou,2021,7,21,35,33,0,18,1,3,4,1,3,30,2.0,1.0,0.0,0.0,0.0,0.0,0.0,0.0,0.0,0.0,0.0,0.0
Mali,Segou,2021,8,12,34,23,0,22,1,3,5,3,5,19,38.0,21.0,2.0,1.0,0.0,0.0,0.0,0.0,0.0,0.0,0.0,0.0
Mali,Segou,2021,9,12,35,17,0,17,2,1,5,1,2,17,32.0,12.0,38.0,21.0,2.0,1.0,0.0,0.0,0.0,0.0,0.0,0.0
Mali,Segou,2021,10,13,46,9,0,3,1,2,2,4,5,5,25.0,12.0,32.0,12.0,38.0,21.0,2.0,1.0,0.0,0.0,0.0,0.0
Mali,Segou,2021,11,12,15,12,0,7,3,0,5,0,6,6,16.0,13.0,25.0,12.0,32.0,12.0,38.0,21.0,2.0,1.0,0.0,0.0
Mali,Segou,2021,12,10,25,8,0,1,4,5,3,3,3,5,17.0,12.0,16.0,13.0,25.0,12.0,32.0,12.0,38.0,21.0,2.0,1.0
Mali,Segou,2022,1,10,34,3,0,2,0,7,7,0,2,2,14.0,10.0,17.0,12.0,16.0,13.0,25.0,12.0,32.0,12.0,38.0,21.0
Mali,Segou,2022,2,10,31,4,0,3,0,9,7,1,2,3,11.0,10.0,14.0,10.0,17.0,12.0,16.0,13.0,25.0,12.0,32.0,12.0
Mali,Segou,2022,3,9,63,11,0,8,3,9,8,0,4,8,13.0,10.0,11.0,10.0,14.0,10.0,17.0,12.0,16.0,13.0,25.0,12.0
Mali,Segou,2022,4,6,12,8,0,3,4,5,2,3,2,6,20.0,9.0,13.0,10.0,11.0,10.0,14.0,10.0,17.0,12.0,16.0,13.0
Mali,Segou,2022,5,16,58,7,1,3,0,10,7,2,5,5,13.0,6.0,20.0,9.0,13.0,10.0,11.0,10.0,14.0,10.0,17.0,12.0
Mali,Segou,2022,6,7,18,3,0,3,0,1,4,0,1,2,19.0,16.0,13.0,6.0,20.0,9.0,13.0,10.0,11.0,10.0,14.0,10.0
Mali,Segou,2022,7,19,63,5,0,5,0,13,13,4,0,4,7.0,7.0,19.0,16.0,13.0,6.0,20.0,9.0,13.0,10.0,11.0,10.0
Mali,Segou,2022,8,11,40,4,0,2,2,7,8,1,2,2,21.0,19.0,7.0,7.0,19.0,16.0,13.0,6.0,20.0,9.0,13.0,10.0
Mali,Segou,2022,9,16,17,5,1,2,2,9,5,6,3,4,13.0,11.0,21.0,19.0,7.0,7.0,19.0,16.0,13.0,6.0,20.0,9.0
Mali,Segou,2022,10,32,83,17,0,4,4,19,12,9,11,7,18.0,16.0,13.0,11.0,21.0,19.0,7.0,7.0,19.0,16.0,13.0,6.0
Mali,Segou,2022,11,30,48,22,0,9,2,13,10,7,7,14,39.0,32.0,18.0,16.0,13.0,11.0,21.0,19.0,7.0,7.0,19.0,16.0
Mali,Segou,2022,12,13,43,5,0,5,1,4,8,5,0,1,38.0,30.0,39.0,32.0,18.0,16.0,13.0,11.0,21.0,19.0,7.0,7.0
Mali,Segou,2023,1,22,57,18,0,8,2,16,11,6,3,14,14.0,13.0,38.0,30.0,39.0,32.0,18.0,16.0,13.0,11.0,21.0,19.0
Mali,Segou,2023,2,17,62,21,0,1,4,18,9,4,5,13,34.0,22.0,14.0,13.0,38.0,30.0,39.0,32.0,18.0,16.0,13.0,11.0
Mali,Segou,2023,3,13,14,8,0,4,0,9,4,7,2,4,31.0,17.0,34.0,22.0,14.0,13.0,38.0,30.0,39.0,32.0,18.0,16.0
Mali,Segou,2023,4,18,50,17,2,4,2,15,6,7,5,13,17.0,13.0,31.0,17.0,34.0,22.0,14.0,13.0,38.0,30.0,39.0,32.0
Mali,Segou,2023,5,21,31,10,3,6,1,11,8,8,5,6,31.0,18.0,17.0,13.0,31.0,17.0,34.0,22.0,14.0,13.0,38.0,30.0
Mali,Segou,2023,6,29,41,18,1,14,2,17,16,5,10,11,27.0,21.0,31.0,18.0,17.0,13.0,31.0,17.0,34.0,22.0,14.0,13.0
Mali,Segou,2023,7,18,95,13,2,7,0,8,8,3,3,10,42.0,29.0,27.0,21.0,31.0,18.0,17.0,13.0,31.0,17.0,34.0,22.0
Mali,Segou,2023,8,11,27,10,0,7,0,5,4,4,3,6,24.0,18.0,42.0,29.0,27.0,21.0,31.0,18.0,17.0,13.0,31.0,17.0
Mali,Segou,2023,9,29,71,9,5,15,0,6,17,2,11,3,17.0,11.0,24.0,18.0,42.0,29.0,27.0,21.0,31.0,18.0,17.0,13.0
Mali,Segou,2023,10,34,76,28,1,16,1,10,13,5,8,21,33.0,29.0,17.0,11.0,24.0,18.0,42.0,29.0,27.0,21.0,31.0,18.0
Mali,Segou,2023,11,31,80,30,0,13,2,20,8,6,13,22,47.0,34.0,33.0,29.0,17.0,11.0,24.0,18.0,42.0,29.0,27.0,21.0
Mali,Segou,2023,12,28,102,29,1,6,3,17,10,6,7,19,49.0,31.0,47.0,34.0,33.0,29.0,17.0,11.0,24.0,18.0,42.0,29.0
Mali,Segou,2024,1,27,104,28,1,21,0,13,8,7,4,26,42.0,28.0,49.0,31.0,47.0,34.0,33.0,29.0,17.0,11.0,24.0,18.0
Mali,Segou,2024,2,27,137,22,4,16,0,15,17,5,8,13,45.0,27.0,42.0,28.0,49.0,31.0,47.0,34.0,33.0,29.0,17.0,11.0
Mali,Segou,2024,3,26,112,18,0,14,0,19,11,7,7,14,43.0,27.0,45.0,27.0,42.0,28.0,49.0,31.0,47.0,34.0,33.0,29.0
Mali,Segou,2024,4,20,88,16,2,1,2,11,5,5,5,11,39.0,26.0,43.0,27.0,45.0,27.0,42.0,28.0,49.0,31.0,47.0,34.0
Mali,Sikasso,2021,6,2,5,2,0,2,0,1,1,1,0,2,0.0,0.0,0.0,0.0,0.0,0.0,0.0,0.0,0.0,0.0,0.0,0.0
Mali,Sikasso,2021,7,4,8,1,0,0,1,4,2,2,1,0,4.0,2.0,0.0,0.0,0.0,0.0,0.0,0.0,0.0,0.0,0.0,0.0
Mali,Sikasso,2021,8,3,0,1,0,0,0,2,1,1,0,1,5.0,4.0,4.0,2.0,0.0,0.0,0.0,0.0,0.0,0.0,0.0,0.0
Mali,Sikasso,2021,9,4,8,4,0,2,2,2,2,1,0,4,3.0,3.0,5.0,4.0,4.0,2.0,0.0,0.0,0.0,0.0,0.0,0.0
Mali,Sikasso,2021,10,3,0,5,0,2,2,0,1,0,3,2,7.0,4.0,3.0,3.0,5.0,4.0,4.0,2.0,0.0,0.0,0.0,0.0
Mali,Sikasso,2021,11,1,0,1,0,0,0,0,0,0,0,1,6.0,3.0,7.0,4.0,3.0,3.0,5.0,4.0,4.0,2.0,0.0,0.0
Mali,Sikasso,2021,12,3,1,2,0,0,1,2,2,0,1,1,1.0,1.0,6.0,3.0,7.0,4.0,3.0,3.0,5.0,4.0,4.0,2.0
Mali,Sikasso,2022,1,7,10,4,0,0,1,4,2,2,3,1,4.0,3.0,1.0,1.0,6.0,3.0,7.0,4.0,3.0,3.0,5.0,4.0
Mali,Sikasso,2022,2,2,7,0,0,0,0,2,1,1,0,0,8.0,7.0,4.0,3.0,1.0,1.0,6.0,3.0,7.0,4.0,3.0,3.0
Mali,Sikasso,2022,3,2,1,1,0,0,0,1,1,0,1,0,2.0,2.0,8.0,7.0,4.0,3.0,1.0,1.0,6.0,3.0,7.0,4.0
Mali,Sikasso,2022,4,4,4,5,0,0,2,1,1,0,2,3,2.0,2.0,2.0,2.0,8.0,7.0,4.0,3.0,1.0,1.0,6.0,3.0
Mali,Sikasso,2022,5,1,2,3,0,1,3,0,1,0,1,2,6.0,4.0,2.0,2.0,2.0,2.0,8.0,7.0,4.0,3.0,1.0,1.0
Mali,Sikasso,2022,6,2,9,1,0,0,0,1,1,0,1,0,4.0,1.0,6.0,4.0,2.0,2.0,2.0,2.0,8.0,7.0,4.0,3.0
Mali,Sikasso,2022,7,4,1,4,0,0,0,2,0,0,3,2,2.0,2.0,4.0,1.0,6.0,4.0,2.0,2.0,2.0,2.0,8.0,7.0
Mali,Sikasso,2022,8,8,6,7,0,0,3,4,2,2,4,3,5.0,4.0,2.0,2.0,4.0,1.0,6.0,4.0,2.0,2.0,2.0,2.0
Mali,Sikasso,2022,9,2,2,0,0,0,0,2,2,0,0,0,11.0,8.0,5.0,4.0,2.0,2.0,4.0,1.0,6.0,4.0,2.0,2.0
Mali,Sikasso,2022,10,8,1,7,0,0,0,1,0,1,4,3,2.0,2.0,11.0,8.0,5.0,4.0,2.0,2.0,4.0,1.0,6.0,4.0
Mali,Sikasso,2022,11,5,7,3,0,2,1,3,3,1,2,1,8.0,8.0,2.0,2.0,11.0,8.0,5.0,4.0,2.0,2.0,4.0,1.0
Mali,Sikasso,2022,12,1,2,1,0,0,1,3,2,0,0,1,7.0,5.0,8.0,8.0,2.0,2.0,11.0,8.0,5.0,4.0,2.0,2.0
Mali,Sikasso,2023,1,2,0,1,0,4,0,1,3,0,0,1,3.0,1.0,7.0,5.0,8.0,8.0,2.0,2.0,11.0,8.0,5.0,4.0
Mali,Sikasso,2023,2,7,0,4,0,0,0,2,2,0,3,2,4.0,2.0,3.0,1.0,7.0,5.0,8.0,8.0,2.0,2.0,11.0,8.0
Mali,Sikasso,2023,3,1,0,1,0,1,0,1,0,1,1,0,7.0,7.0,4.0,2.0,3.0,1.0,7.0,5.0,8.0,8.0,2.0,2.0
Mali,Sikasso,2023,4,4,2,3,0,0,0,1,1,0,0,3,2.0,1.0,7.0,7.0,4.0,2.0,3.0,1.0,7.0,5.0,8.0,8.0
Mali,Sikasso,2023,5,1,0,0,0,0,0,0,0,0,1,0,4.0,4.0,2.0,1.0,7.0,7.0,4.0,2.0,3.0,1.0,7.0,5.0
Mali,Sikasso,2023,6,6,3,6,0,0,1,1,1,0,6,0,1.0,1.0,4.0,4.0,2.0,1.0,7.0,7.0,4.0,2.0,3.0,1.0
Mali,Sikasso,2023,7,3,0,3,0,0,0,0,0,0,3,0,7.0,6.0,1.0,1.0,4.0,4.0,2.0,1.0,7.0,7.0,4.0,2.0
Mali,Sikasso,2023,8,0,0,0,0,0,0,1,0,0,1,0,3.0,3.0,7.0,6.0,1.0,1.0,4.0,4.0,2.0,1.0,7.0,7.0
Mali,Sikasso,2023,9,1,0,1,0,0,0,0,0,0,1,0,1.0,0.0,3.0,3.0,7.0,6.0,1.0,1.0,4.0,4.0,2.0,1.0
Mali,Sikasso,2023,10,2,0,2,0,0,0,0,0,0,1,1,1.0,1.0,1.0,0.0,3.0,3.0,7.0,6.0,1.0,1.0,4.0,4.0
Mali,Sikasso,2023,11,2,6,0,0,2,0,2,2,1,0,0,2.0,2.0,1.0,1.0,1.0,0.0,3.0,3.0,7.0,6.0,1.0,1.0
Mali,Sikasso,2023,12,1,0,1,0,0,0,0,0,0,1,0,3.0,2.0,2.0,2.0,1.0,1.0,1.0,0.0,3.0,3.0,7.0,6.0
Mali,Sikasso,2024,1,1,0,1,0,0,0,0,0,0,0,1,1.0,1.0,3.0,2.0,2.0,2.0,1.0,1.0,1.0,0.0,3.0,3.0
Mali,Sikasso,2024,2,6,6,2,0,0,1,3,2,2,1,1,1.0,1.0,1.0,1.0,3.0,2.0,2.0,2.0,1.0,1.0,1.0,0.0
Mali,Sikasso,2024,3,8,3,6,0,2,0,4,3,0,2,5,6.0,6.0,1.0,1.0,1.0,1.0,3.0,2.0,2.0,2.0,1.0,1.0
Mali,Tombouctou,2021,6,9,9,6,3,2,1,1,3,2,0,6,0.0,0.0,0.0,0.0,0.0,0.0,0.0,0.0,0.0,0.0,0.0,0.0
Mali,Tombouctou,2021,7,3,5,4,1,0,4,5,3,2,0,4,11.0,9.0,0.0,0.0,0.0,0.0,0.0,0.0,0.0,0.0,0.0,0.0
Mali,Tombouctou,2021,8,1,1,2,0,0,1,0,0,0,0,2,9.0,3.0,11.0,9.0,0.0,0.0,0.0,0.0,0.0,0.0,0.0,0.0
Mali,Tombouctou,2021,9,5,11,6,4,0,4,1,2,1,4,4,2.0,1.0,9.0,3.0,11.0,9.0,0.0,0.0,0.0,0.0,0.0,0.0
Mali,Tombouctou,2021,10,9,19,5,4,0,0,1,2,1,5,2,11.0,5.0,2.0,1.0,9.0,3.0,11.0,9.0,0.0,0.0,0.0,0.0
Mali,Tombouctou,2021,11,2,2,3,0,0,3,2,2,0,0,3,10.0,9.0,11.0,5.0,2.0,1.0,9.0,3.0,11.0,9.0,0.0,0.0
Mali,Tombouctou,2021,12,4,4,4,0,0,4,4,4,0,0,4,5.0,2.0,10.0,9.0,11.0,5.0,2.0,1.0,9.0,3.0,11.0,9.0
Mali,Tombouctou,2022,1,4,11,1,1,0,0,0,1,1,1,1,8.0,4.0,5.0,2.0,10.0,9.0,11.0,5.0,2.0,1.0,9.0,3.0
Mali,Tombouctou,2022,2,11,14,4,4,0,1,6,4,4,1,4,4.0,4.0,8.0,4.0,5.0,2.0,10.0,9.0,11.0,5.0,2.0,1.0
Mali,Tombouctou,2022,3,12,6,7,4,0,4,5,3,6,5,2,13.0,11.0,4.0,4.0,8.0,4.0,5.0,2.0,10.0,9.0,11.0,5.0
Mali,Tombouctou,2022,4,7,3,10,4,1,6,5,2,3,7,5,16.0,12.0,13.0,11.0,4.0,4.0,8.0,4.0,5.0,2.0,10.0,9.0
Mali,Tombouctou,2022,5,9,10,9,1,0,3,5,3,1,2,8,17.0,7.0,16.0,12.0,13.0,11.0,4.0,4.0,8.0,4.0,5.0,2.0
Mali,Tombouctou,2022,6,6,3,7,1,0,4,2,1,2,4,3,14.0,9.0,17.0,7.0,16.0,12.0,13.0,11.0,4.0,4.0,8.0,4.0
Mali,Tombouctou,2022,7,2,2,3,0,1,3,1,2,0,1,2,10.0,6.0,14.0,9.0,17.0,7.0,16.0,12.0,13.0,11.0,4.0,4.0
Mali,Tombouctou,2022,8,5,2,9,1,0,3,2,0,1,2,7,5.0,2.0,10.0,6.0,14.0,9.0,17.0,7.0,16.0,12.0,13.0,11.0
Mali,Tombouctou,2022,9,8,3,6,2,0,3,3,3,1,4,4,10.0,5.0,5.0,2.0,10.0,6.0,14.0,9.0,17.0,7.0,16.0,12.0
Mali,Tombouctou,2022,10,3,1,7,0,0,5,0,1,1,3,3,12.0,8.0,10.0,5.0,5.0,2.0,10.0,6.0,14.0,9.0,17.0,7.0
Mali,Tombouctou,2022,11,10,5,11,1,0,3,3,2,2,4,7,8.0,3.0,12.0,8.0,10.0,5.0,5.0,2.0,10.0,6.0,14.0,9.0
Mali,Tombouctou,2022,12,6,6,3,4,0,3,2,6,0,1,2,15.0,10.0,8.0,3.0,12.0,8.0,10.0,5.0,5.0,2.0,10.0,6.0
Mali,Tombouctou,2023,1,12,1,11,3,0,3,2,3,0,7,6,9.0,6.0,15.0,10.0,8.0,3.0,12.0,8.0,10.0,5.0,5.0,2.0
Mali,Tombouctou,2023,2,13,5,11,4,0,1,2,3,1,3,9,16.0,12.0,9.0,6.0,15.0,10.0,8.0,3.0,12.0,8.0,10.0,5.0
Mali,Tombouctou,2023,3,10,6,8,1,0,2,6,2,3,4,5,16.0,13.0,16.0,12.0,9.0,6.0,15.0,10.0,8.0,3.0,12.0,8.0
Mali,Tombouctou,2023,4,11,7,9,2,0,0,5,1,3,5,6,14.0,10.0,16.0,13.0,16.0,12.0,9.0,6.0,15.0,10.0,8.0,3.0
Mali,Tombouctou,2023,5,8,8,7,2,0,0,5,0,3,2,6,15.0,11.0,14.0,10.0,16.0,13.0,16.0,12.0,9.0,6.0,15.0,10.0
Mali,Tombouctou,2023,6,15,31,17,1,0,4,2,4,0,8,9,11.0,8.0,15.0,11.0,14.0,10.0,16.0,13.0,16.0,12.0,9.0,6.0
Mali,Tombouctou,2023,7,8,9,9,2,0,8,8,5,3,7,4,21.0,15.0,11.0,8.0,15.0,11.0,14.0,10.0,16.0,13.0,16.0,12.0
Mali,Tombouctou,2023,8,23,86,27,8,0,4,27,11,9,12,17,19.0,8.0,21.0,15.0,11.0,8.0,15.0,11.0,14.0,10.0,16.0,13.0
Mali,Tombouctou,2023,9,12,77,13,2,0,2,20,4,8,8,8,49.0,23.0,19.0,8.0,21.0,15.0,11.0,8.0,15.0,11.0,14.0,10.0
Mali,Tombouctou,2023,10,12,43,25,6,0,1,11,0,3,6,20,28.0,12.0,49.0,23.0,19.0,8.0,21.0,15.0,11.0,8.0,15.0,11.0
Mali,Tombouctou,2023,11,9,203,23,11,0,0,18,1,8,2,20,29.0,12.0,28.0,12.0,49.0,23.0,19.0,8.0,21.0,15.0,11.0,8.0
Mali,Tombouctou,2023,12,10,42,23,8,0,1,17,0,10,9,11,31.0,9.0,29.0,12.0,28.0,12.0,49.0,23.0,19.0,8.0,21.0,15.0
Mali,Tombouctou,2024,1,17,38,17,6,0,0,24,3,15,5,10,30.0,10.0,31.0,9.0,29.0,12.0,28.0,12.0,49.0,23.0,19.0,8.0
Mali,Tombouctou,2024,2,1,17,10,1,0,1,8,0,2,4,5,33.0,17.0,30.0,10.0,31.0,9.0,29.0,12.0,28.0,12.0,49.0,23.0
Mali,Tombouctou,2024,3,6,6,7,1,0,2,11,2,7,2,3,11.0,1.0,33.0,17.0,30.0,10.0,31.0,9.0,29.0,12.0,28.0,12.0
Mali,Tombouctou,2024,4,9,40,6,1,0,0,10,3,6,3,2,14.0,6.0,11.0,1.0,33.0,17.0,30.0,10.0,31.0,9.0,29.0,12.0
Niger,Agadez,2021,6,0,1,1,0,0,0,1,0,0,0,1,0.0,0.0,0.0,0.0,0.0,0.0,0.0,0.0,0.0,0.0,0.0,0.0
Niger,Agadez,2021,11,0,12,0,0,2,0,0,1,0,0,0,1.0,0.0,0.0,0.0,0.0,0.0,0.0,0.0,0.0,0.0,0.0,0.0
Niger,Agadez,2021,12,0,1,2,0,0,2,0,0,0,0,2,1.0,0.0,1.0,0.0,0.0,0.0,0.0,0.0,0.0,0.0,0.0,0.0
Niger,Agadez,2022,1,0,5,6,1,0,4,3,1,0,5,1,2.0,0.0,1.0,0.0,1.0,0.0,0.0,0.0,0.0,0.0,0.0,0.0
Niger,Agadez,2022,2,0,0,0,0,0,2,2,1,0,1,0,7.0,0.0,2.0,0.0,1.0,0.0,1.0,0.0,0.0,0.0,0.0,0.0
Niger,Agadez,2022,3,0,0,1,0,0,1,0,0,0,1,0,2.0,0.0,7.0,0.0,2.0,0.0,1.0,0.0,1.0,0.0,0.0,0.0
Niger,Agadez,2022,4,0,6,3,0,1,4,1,2,0,2,1,1.0,0.0,2.0,0.0,7.0,0.0,2.0,0.0,1.0,0.0,1.0,0.0
Niger,Agadez,2022,5,0,1,5,1,0,8,3,2,0,5,2,5.0,0.0,1.0,0.0,2.0,0.0,7.0,0.0,2.0,0.0,1.0,0.0
Niger,Agadez,2022,6,0,2,8,1,0,8,1,1,0,6,2,9.0,0.0,5.0,0.0,1.0,0.0,2.0,0.0,7.0,0.0,2.0,0.0
Niger,Agadez,2022,7,0,1,13,0,0,14,1,1,0,10,3,9.0,0.0,9.0,0.0,5.0,0.0,1.0,0.0,2.0,0.0,7.0,0.0
Niger,Agadez,2022,8,0,3,19,0,0,22,3,3,0,14,5,14.0,0.0,9.0,0.0,9.0,0.0,5.0,0.0,1.0,0.0,2.0,0.0
Niger,Agadez,2022,9,0,0,18,0,0,19,1,1,0,16,2,22.0,0.0,14.0,0.0,9.0,0.0,9.0,0.0,5.0,0.0,1.0,0.0
Niger,Agadez,2022,10,0,3,18,0,2,19,1,2,0,14,4,19.0,0.0,22.0,0.0,14.0,0.0,9.0,0.0,9.0,0.0,5.0,0.0
Niger,Agadez,2022,11,0,2,19,0,1,20,0,1,0,14,5,20.0,0.0,19.0,0.0,22.0,0.0,14.0,0.0,9.0,0.0,9.0,0.0
Niger,Agadez,2022,12,0,6,20,0,1,21,2,2,0,13,7,20.0,0.0,20.0,0.0,19.0,0.0,22.0,0.0,14.0,0.0,9.0,0.0
Niger,Agadez,2023,1,0,5,10,0,0,12,2,2,0,7,3,22.0,0.0,20.0,0.0,20.0,0.0,19.0,0.0,22.0,0.0,14.0,0.0
Niger,Agadez,2023,2,0,0,4,0,0,4,0,0,0,4,0,12.0,0.0,22.0,0.0,20.0,0.0,20.0,0.0,19.0,0.0,22.0,0.0
Niger,Agadez,2023,3,0,0,4,0,0,5,1,1,0,2,2,4.0,0.0,12.0,0.0,22.0,0.0,20.0,0.0,20.0,0.0,19.0,0.0
Niger,Agadez,2023,4,0,5,4,0,0,7,3,3,0,3,1,5.0,0.0,4.0,0.0,12.0,0.0,22.0,0.0,20.0,0.0,20.0,0.0
Niger,Agadez,2023,5,0,2,4,0,0,5,1,1,0,2,2,7.0,0.0,5.0,0.0,4.0,0.0,12.0,0.0,22.0,0.0,20.0,0.0
Niger,Agadez,2023,6,0,3,0,0,0,1,1,1,0,0,0,5.0,0.0,7.0,0.0,5.0,0.0,4.0,0.0,12.0,0.0,22.0,0.0
Niger,Agadez,2023,7,0,1,0,0,0,3,3,2,0,1,0,1.0,0.0,5.0,0.0,7.0,0.0,5.0,0.0,4.0,0.0,12.0,0.0
Niger,Agadez,2023,8,0,1,0,0,0,2,2,2,0,0,0,3.0,0.0,1.0,0.0,5.0,0.0,7.0,0.0,5.0,0.0,4.0,0.0
Niger,Agadez,2023,9,0,0,1,1,0,0,0,0,0,0,1,2.0,0.0,3.0,0.0,1.0,0.0,5.0,0.0,7.0,0.0,5.0,0.0
Niger,Agadez,2023,10,0,0,0,0,0,1,1,0,0,1,0,1.0,0.0,2.0,0.0,3.0,0.0,1.0,0.0,5.0,0.0,7.0,0.0
Niger,Agadez,2023,11,0,2,3,0,0,2,1,0,0,0,3,1.0,0.0,1.0,0.0,2.0,0.0,3.0,0.0,1.0,0.0,5.0,0.0
Niger,Agadez,2023,12,0,10,0,0,0,2,2,2,0,0,0,3.0,0.0,1.0,0.0,1.0,0.0,2.0,0.0,3.0,0.0,1.0,0.0
Niger,Agadez,2024,1,0,1,1,0,0,3,2,0,0,2,1,2.0,0.0,3.0,0.0,1.0,0.0,1.0,0.0,2.0,0.0,3.0,0.0
Niger,Agadez,2024,2,0,10,0,0,0,1,1,1,0,0,0,3.0,0.0,2.0,0.0,3.0,0.0,1.0,0.0,1.0,0.0,2.0,0.0
Niger,Agadez,2024,4,0,1,1,0,0,1,0,0,0,0,1,1.0,0.0,3.0,0.0,2.0,0.0,3.0,0.0,1.0,0.0,1.0,0.0
Niger,Diffa,2021,6,8,23,3,0,0,0,5,5,0,1,2,0.0,0.0,0.0,0.0,0.0,0.0,0.0,0.0,0.0,0.0,0.0,0.0
Niger,Diffa,2021,7,12,5,8,0,0,0,3,2,3,2,5,8.0,8.0,0.0,0.0,0.0,0.0,0.0,0.0,0.0,0.0,0.0,0.0
Niger,Diffa,2021,8,13,79,13,0,0,0,2,1,0,1,12,12.0,12.0,8.0,8.0,0.0,0.0,0.0,0.0,0.0,0.0,0.0,0.0
Niger,Diffa,2021,9,6,4,7,0,2,1,0,1,0,1,6,14.0,13.0,12.0,12.0,8.0,8.0,0.0,0.0,0.0,0.0,0.0,0.0
Niger,Diffa,2021,10,7,1,7,0,0,1,1,1,0,0,7,8.0,6.0,14.0,13.0,12.0,12.0,8.0,8.0,0.0,0.0,0.0,0.0
Niger,Diffa,2021,11,1,23,2,0,0,1,2,1,0,0,2,8.0,7.0,8.0,6.0,14.0,13.0,12.0,12.0,8.0,8.0,0.0,0.0
Niger,Diffa,2021,12,9,2,9,0,0,0,1,0,2,0,8,3.0,1.0,8.0,7.0,8.0,6.0,14.0,13.0,12.0,12.0,8.0,8.0
Niger,Diffa,2022,1,22,14,21,0,0,1,2,1,1,3,18,10.0,9.0,3.0,1.0,8.0,7.0,8.0,6.0,14.0,13.0,12.0,12.0
Niger,Diffa,2022,2,6,16,4,0,0,1,5,4,0,2,2,23.0,22.0,10.0,9.0,3.0,1.0,8.0,7.0,8.0,6.0,14.0,13.0
Niger,Diffa,2022,3,8,20,7,0,0,0,1,1,0,1,6,8.0,6.0,23.0,22.0,10.0,9.0,3.0,1.0,8.0,7.0,8.0,6.0
Niger,Diffa,2022,4,11,57,3,1,0,0,4,6,1,2,3,8.0,8.0,8.0,6.0,23.0,22.0,10.0,9.0,3.0,1.0,8.0,7.0
Niger,Diffa,2022,5,5,17,1,0,0,0,4,1,2,2,0,12.0,11.0,8.0,8.0,8.0,6.0,23.0,22.0,10.0,9.0,3.0,1.0
Niger,Diffa,2022,6,16,14,7,0,0,0,9,7,1,3,5,5.0,5.0,12.0,11.0,8.0,8.0,8.0,6.0,23.0,22.0,10.0,9.0
Niger,Diffa,2022,7,9,43,5,0,0,1,5,3,1,2,4,16.0,16.0,5.0,5.0,12.0,11.0,8.0,8.0,8.0,6.0,23.0,22.0
Niger,Diffa,2022,8,17,13,16,0,0,1,2,1,0,4,13,10.0,9.0,16.0,16.0,5.0,5.0,12.0,11.0,8.0,8.0,8.0,6.0
Niger,Diffa,2022,9,24,27,22,0,2,1,6,5,1,5,17,18.0,17.0,10.0,9.0,16.0,16.0,5.0,5.0,12.0,11.0,8.0,8.0
Niger,Diffa,2022,10,8,4,9,0,0,1,0,0,1,0,8,28.0,24.0,18.0,17.0,10.0,9.0,16.0,16.0,5.0,5.0,12.0,11.0
Niger,Diffa,2022,11,11,18,11,0,1,0,3,2,0,3,8,9.0,8.0,28.0,24.0,18.0,17.0,10.0,9.0,16.0,16.0,5.0,5.0
Niger,Diffa,2022,12,4,8,6,0,1,3,4,3,0,1,5,13.0,11.0,9.0,8.0,28.0,24.0,18.0,17.0,10.0,9.0,16.0,16.0
Niger,Diffa,2023,1,13,6,14,2,0,3,0,0,2,1,13,9.0,4.0,13.0,11.0,9.0,8.0,28.0,24.0,18.0,17.0,10.0,9.0
Niger,Diffa,2023,2,9,10,9,0,0,1,0,1,0,3,6,16.0,13.0,9.0,4.0,13.0,11.0,9.0,8.0,28.0,24.0,18.0,17.0
Niger,Diffa,2023,3,22,114,13,0,0,5,12,6,0,10,11,10.0,9.0,16.0,13.0,9.0,4.0,13.0,11.0,9.0,8.0,28.0,24.0
Niger,Diffa,2023,4,10,11,6,0,0,1,4,0,5,2,4,27.0,22.0,10.0,9.0,16.0,13.0,9.0,4.0,13.0,11.0,9.0,8.0
Niger,Diffa,2023,5,9,8,9,0,0,3,3,1,0,2,9,11.0,10.0,27.0,22.0,10.0,9.0,16.0,13.0,9.0,4.0,13.0,11.0
Niger,Diffa,2023,6,14,27,14,0,1,0,3,1,1,4,11,12.0,9.0,11.0,10.0,27.0,22.0,10.0,9.0,16.0,13.0,9.0,4.0
Niger,Diffa,2023,7,2,1,1,1,0,3,3,1,0,3,1,17.0,14.0,12.0,9.0,11.0,10.0,27.0,22.0,10.0,9.0,16.0,13.0
Niger,Diffa,2023,8,2,0,3,0,0,1,0,0,1,0,2,5.0,2.0,17.0,14.0,12.0,9.0,11.0,10.0,27.0,22.0,10.0,9.0
Niger,Diffa,2023,9,1,3,0,0,0,0,1,1,0,0,0,3.0,2.0,5.0,2.0,17.0,14.0,12.0,9.0,11.0,10.0,27.0,22.0
Niger,Diffa,2023,10,2,0,0,0,0,0,2,1,0,1,0,1.0,1.0,3.0,2.0,5.0,2.0,17.0,14.0,12.0,9.0,11.0,10.0
Niger,Diffa,2023,11,12,15,3,0,0,0,9,5,1,4,2,2.0,2.0,1.0,1.0,3.0,2.0,5.0,2.0,17.0,14.0,12.0,9.0
Niger,Diffa,2023,12,6,29,3,0,0,1,7,2,2,2,3,12.0,12.0,2.0,2.0,1.0,1.0,3.0,2.0,5.0,2.0,17.0,14.0
Niger,Diffa,2024,1,12,44,3,0,0,0,7,4,4,2,2,9.0,6.0,12.0,12.0,2.0,2.0,1.0,1.0,3.0,2.0,5.0,2.0
Niger,Diffa,2024,2,9,4,6,0,0,2,5,2,0,6,3,12.0,12.0,9.0,6.0,12.0,12.0,2.0,2.0,1.0,1.0,3.0,2.0
Niger,Diffa,2024,3,11,22,6,0,0,0,7,1,5,5,1,11.0,9.0,12.0,12.0,9.0,6.0,12.0,12.0,2.0,2.0,1.0,1.0
Niger,Diffa,2024,4,15,11,5,0,0,0,12,2,2,8,4,12.0,11.0,11.0,9.0,12.0,12.0,9.0,6.0,12.0,12.0,2.0,2.0
Niger,Dosso,2021,12,0,0,1,0,0,1,0,0,0,0,1,0.0,0.0,0.0,0.0,0.0,0.0,0.0,0.0,0.0,0.0,0.0,0.0
Niger,Dosso,2022,1,0,0,1,0,0,0,0,0,0,1,0,1.0,0.0,0.0,0.0,0.0,0.0,0.0,0.0,0.0,0.0,0.0,0.0
Niger,Dosso,2022,2,0,0,7,0,0,0,0,0,0,7,0,1.0,0.0,1.0,0.0,0.0,0.0,0.0,0.0,0.0,0.0,0.0,0.0
Niger,Dosso,2022,5,2,1,1,0,1,0,0,1,0,1,0,7.0,0.0,1.0,0.0,1.0,0.0,0.0,0.0,0.0,0.0,0.0,0.0
Niger,Dosso,2022,6,6,0,6,0,0,1,1,1,0,5,1,2.0,2.0,7.0,0.0,1.0,0.0,1.0,0.0,0.0,0.0,0.0,0.0
Niger,Dosso,2022,7,2,1,3,0,0,1,0,0,0,2,1,7.0,6.0,2.0,2.0,7.0,0.0,1.0,0.0,1.0,0.0,0.0,0.0
Niger,Dosso,2022,9,0,0,2,0,1,3,0,1,0,0,2,3.0,2.0,7.0,6.0,2.0,2.0,7.0,0.0,1.0,0.0,1.0,0.0
Niger,Dosso,2022,10,2,1,5,0,0,3,0,0,0,2,3,3.0,0.0,3.0,2.0,7.0,6.0,2.0,2.0,7.0,0.0,1.0,0.0
Niger,Dosso,2022,11,0,0,1,0,0,1,0,0,0,1,0,5.0,2.0,3.0,0.0,3.0,2.0,7.0,6.0,2.0,2.0,7.0,0.0
Niger,Dosso,2022,12,2,0,6,0,0,4,0,0,0,4,2,1.0,0.0,5.0,2.0,3.0,0.0,3.0,2.0,7.0,6.0,2.0,2.0
Niger,Dosso,2023,1,0,0,1,0,0,1,0,0,0,0,1,6.0,2.0,1.0,0.0,5.0,2.0,3.0,0.0,3.0,2.0,7.0,6.0
Niger,Dosso,2023,2,1,2,0,0,0,0,1,1,0,0,0,1.0,0.0,6.0,2.0,1.0,0.0,5.0,2.0,3.0,0.0,3.0,2.0
Niger,Dosso,2023,3,3,2,2,0,0,0,1,1,0,2,0,1.0,1.0,1.0,0.0,6.0,2.0,1.0,0.0,5.0,2.0,3.0,0.0
Niger,Dosso,2023,4,0,0,0,0,0,1,1,0,0,1,0,3.0,3.0,1.0,1.0,1.0,0.0,6.0,2.0,1.0,0.0,5.0,2.0
Niger,Dosso,2023,6,0,2,1,0,2,1,0,1,1,0,0,1.0,0.0,3.0,3.0,1.0,1.0,1.0,0.0,6.0,2.0,1.0,0.0
Niger,Dosso,2023,7,1,0,0,0,0,0,1,1,0,0,0,2.0,0.0,1.0,0.0,3.0,3.0,1.0,1.0,1.0,0.0,6.0,2.0
Niger,Dosso,2023,9,2,0,0,0,0,0,0,0,0,2,0,1.0,1.0,2.0,0.0,1.0,0.0,3.0,3.0,1.0,1.0,1.0,0.0
Niger,Dosso,2023,10,5,0,2,0,0,0,0,0,0,5,0,2.0,2.0,1.0,1.0,2.0,0.0,1.0,0.0,3.0,3.0,1.0,1.0
Niger,Dosso,2023,11,5,0,3,0,0,1,1,1,0,8,0,5.0,5.0,2.0,2.0,1.0,1.0,2.0,0.0,1.0,0.0,3.0,3.0
Niger,Dosso,2023,12,4,1,1,0,0,0,0,0,0,3,1,9.0,5.0,5.0,5.0,2.0,2.0,1.0,1.0,2.0,0.0,1.0,0.0
Niger,Dosso,2024,1,0,1,1,0,0,2,1,0,0,1,1,4.0,4.0,9.0,5.0,5.0,5.0,2.0,2.0,1.0,1.0,2.0,0.0
Niger,Dosso,2024,2,3,4,5,1,0,2,2,1,0,4,2,2.0,0.0,4.0,4.0,9.0,5.0,5.0,5.0,2.0,2.0,1.0,1.0
Niger,Dosso,2024,3,5,8,3,0,0,2,6,5,0,2,1,7.0,3.0,2.0,0.0,4.0,4.0,9.0,5.0,5.0,5.0,2.0,2.0
Niger,Dosso,2024,4,0,1,0,0,0,1,1,1,0,0,0,8.0,5.0,7.0,3.0,2.0,0.0,4.0,4.0,9.0,5.0,5.0,5.0
Niger,Maradi,2021,6,0,3,2,0,2,4,0,2,0,1,1,0.0,0.0,0.0,0.0,0.0,0.0,0.0,0.0,0.0,0.0,0.0,0.0
Niger,Maradi,2021,7,0,5,4,0,0,5,1,1,0,1,3,4.0,0.0,0.0,0.0,0.0,0.0,0.0,0.0,0.0,0.0,0.0,0.0
Niger,Maradi,2021,8,0,8,5,0,0,7,2,2,0,2,3,5.0,0.0,4.0,0.0,0.0,0.0,0.0,0.0,0.0,0.0,0.0,0.0
Niger,Maradi,2021,10,0,2,7,0,1,8,2,2,0,0,7,7.0,0.0,5.0,0.0,4.0,0.0,0.0,0.0,0.0,0.0,0.0,0.0
Niger,Maradi,2021,12,0,0,1,0,0,1,0,0,0,0,1,9.0,0.0,7.0,0.0,5.0,0.0,4.0,0.0,0.0,0.0,0.0,0.0
Niger,Maradi,2022,1,0,0,3,0,0,3,0,0,0,0,3,1.0,0.0,9.0,0.0,7.0,0.0,5.0,0.0,4.0,0.0,0.0,0.0
Niger,Maradi,2022,2,0,12,3,1,1,3,0,1,1,0,2,3.0,0.0,1.0,0.0,9.0,0.0,7.0,0.0,5.0,0.0,4.0,0.0
Niger,Maradi,2022,3,0,0,1,0,0,1,0,0,0,0,1,4.0,0.0,3.0,0.0,1.0,0.0,9.0,0.0,7.0,0.0,5.0,0.0
Niger,Maradi,2022,4,0,1,4,0,0,4,0,0,0,3,1,1.0,0.0,4.0,0.0,3.0,0.0,1.0,0.0,9.0,0.0,7.0,0.0
Niger,Maradi,2022,5,0,0,3,0,0,3,0,0,0,0,3,4.0,0.0,1.0,0.0,4.0,0.0,3.0,0.0,1.0,0.0,9.0,0.0
Niger,Maradi,2022,6,0,0,9,0,0,10,1,1,0,8,1,3.0,0.0,4.0,0.0,1.0,0.0,4.0,0.0,3.0,0.0,1.0,0.0
Niger,Maradi,2022,7,0,3,22,0,0,22,0,0,0,9,13,10.0,0.0,3.0,0.0,4.0,0.0,1.0,0.0,4.0,0.0,3.0,0.0
Niger,Maradi,2022,8,0,3,15,0,0,15,0,0,0,6,9,22.0,0.0,10.0,0.0,3.0,0.0,4.0,0.0,1.0,0.0,4.0,0.0
Niger,Maradi,2022,9,0,8,20,0,1,21,2,2,0,5,15,15.0,0.0,22.0,0.0,10.0,0.0,3.0,0.0,4.0,0.0,1.0,0.0
Niger,Maradi,2022,10,0,5,16,0,0,18,2,2,0,10,6,22.0,0.0,15.0,0.0,22.0,0.0,10.0,0.0,3.0,0.0,4.0,0.0
Niger,Maradi,2022,11,0,5,14,0,0,14,0,0,0,5,9,18.0,0.0,22.0,0.0,15.0,0.0,22.0,0.0,10.0,0.0,3.0,0.0
Niger,Maradi,2022,12,0,4,23,0,0,24,1,1,0,10,13,14.0,0.0,18.0,0.0,22.0,0.0,15.0,0.0,22.0,0.0,10.0,0.0
Niger,Maradi,2023,1,0,2,8,0,0,8,0,0,0,2,6,24.0,0.0,14.0,0.0,18.0,0.0,22.0,0.0,15.0,0.0,22.0,0.0
Niger,Maradi,2023,2,0,6,8,0,0,8,0,0,0,2,6,8.0,0.0,24.0,0.0,14.0,0.0,18.0,0.0,22.0,0.0,15.0,0.0
Niger,Maradi,2023,3,0,5,6,0,0,8,2,2,0,3,3,8.0,0.0,8.0,0.0,24.0,0.0,14.0,0.0,18.0,0.0,22.0,0.0
Niger,Maradi,2023,4,0,2,7,0,0,8,1,0,0,6,2,8.0,0.0,8.0,0.0,8.0,0.0,24.0,0.0,14.0,0.0,18.0,0.0
Niger,Maradi,2023,5,0,2,4,0,0,4,0,0,0,0,4,8.0,0.0,8.0,0.0,8.0,0.0,8.0,0.0,24.0,0.0,14.0,0.0
Niger,Maradi,2023,6,0,4,5,0,0,5,0,0,0,0,5,4.0,0.0,8.0,0.0,8.0,0.0,8.0,0.0,8.0,0.0,24.0,0.0
Niger,Maradi,2023,7,0,2,3,0,0,4,1,1,0,1,2,5.0,0.0,4.0,0.0,8.0,0.0,8.0,0.0,8.0,0.0,8.0,0.0
Niger,Maradi,2023,8,0,6,11,0,0,11,0,0,0,1,10,4.0,0.0,5.0,0.0,4.0,0.0,8.0,0.0,8.0,0.0,8.0,0.0
Niger,Maradi,2023,10,0,0,0,0,0,1,1,1,0,0,0,11.0,0.0,4.0,0.0,5.0,0.0,4.0,0.0,8.0,0.0,8.0,0.0
Niger,Maradi,2023,11,0,0,2,0,0,3,1,1,0,0,2,1.0,0.0,11.0,0.0,4.0,0.0,5.0,0.0,4.0,0.0,8.0,0.0
Niger,Maradi,2023,12,0,0,2,0,0,2,0,0,0,0,2,3.0,0.0,1.0,0.0,11.0,0.0,4.0,0.0,5.0,0.0,4.0,0.0
Niger,Maradi,2024,1,0,0,3,0,0,4,1,0,0,2,2,2.0,0.0,3.0,0.0,1.0,0.0,11.0,0.0,4.0,0.0,5.0,0.0
Niger,Maradi,2024,2,0,19,8,0,0,10,3,3,0,1,7,4.0,0.0,2.0,0.0,3.0,0.0,1.0,0.0,11.0,0.0,4.0,0.0
Niger,Maradi,2024,3,0,4,9,0,0,9,1,1,0,2,7,11.0,0.0,4.0,0.0,2.0,0.0,3.0,0.0,1.0,0.0,11.0,0.0
Niger,Maradi,2024,4,0,0,1,0,0,1,0,0,0,1,0,10.0,0.0,11.0,0.0,4.0,0.0,2.0,0.0,3.0,0.0,1.0,0.0
Niger,Niamey,2021,6,0,1,0,0,0,0,1,1,0,0,0,0.0,0.0,0.0,0.0,0.0,0.0,0.0,0.0,0.0,0.0,0.0,0.0
Niger,Niamey,2022,2,0,1,1,0,0,0,1,0,0,0,1,1.0,0.0,0.0,0.0,0.0,0.0,0.0,0.0,0.0,0.0,0.0,0.0
Niger,Niamey,2022,6,1,1,0,0,0,0,1,1,0,0,0,1.0,0.0,1.0,0.0,0.0,0.0,0.0,0.0,0.0,0.0,0.0,0.0
Niger,Niamey,2022,7,0,0,1,0,0,1,0,0,0,0,1,1.0,1.0,1.0,0.0,1.0,0.0,0.0,0.0,0.0,0.0,0.0,0.0
Niger,Niamey,2022,8,1,2,1,0,0,0,0,0,1,0,0,1.0,0.0,1.0,1.0,1.0,0.0,1.0,0.0,0.0,0.0,0.0,0.0
Niger,Niamey,2022,9,0,1,1,0,0,1,0,0,0,0,1,1.0,1.0,1.0,0.0,1.0,1.0,1.0,0.0,1.0,0.0,0.0,0.0
Niger,Niamey,2023,3,1,1,4,0,0,1,2,0,1,2,1,1.0,0.0,1.0,1.0,1.0,0.0,1.0,1.0,1.0,0.0,1.0,0.0
Niger,Niamey,2023,5,0,1,1,0,0,1,0,0,0,0,1,4.0,1.0,1.0,0.0,1.0,1.0,1.0,0.0,1.0,1.0,1.0,0.0
Niger,Niamey,2023,7,0,0,0,0,0,0,2,0,0,2,0,1.0,0.0,4.0,1.0,1.0,0.0,1.0,1.0,1.0,0.0,1.0,1.0
Niger,Niamey,2024,1,0,0,2,0,0,0,2,0,0,2,0,2.0,0.0,1.0,0.0,4.0,1.0,1.0,0.0,1.0,1.0,1.0,0.0
Niger,Niamey,2024,2,0,0,0,0,0,0,1,0,0,1,0,2.0,0.0,2.0,0.0,1.0,0.0,4.0,1.0,1.0,0.0,1.0,1.0
Niger,Niamey,2024,3,0,0,0,1,0,0,1,0,0,1,0,1.0,0.0,2.0,0.0,2.0,0.0,1.0,0.0,4.0,1.0,1.0,0.0
Niger,Niamey,2024,4,0,0,0,1,0,0,1,0,0,1,0,1.0,0.0,1.0,0.0,2.0,0.0,2.0,0.0,1.0,0.0,4.0,1.0
Niger,Tahoua,2021,6,0,0,1,0,0,1,0,0,0,1,0,0.0,0.0,0.0,0.0,0.0,0.0,0.0,0.0,0.0,0.0,0.0,0.0
Niger,Tahoua,2021,7,0,5,5,0,5,0,0,1,0,0,5,1.0,0.0,0.0,0.0,0.0,0.0,0.0,0.0,0.0,0.0,0.0,0.0
Niger,Tahoua,2021,10,0,2,3,0,0,2,0,0,0,0,3,6.0,0.0,1.0,0.0,0.0,0.0,0.0,0.0,0.0,0.0,0.0,0.0
Niger,Tahoua,2021,11,0,67,1,0,3,0,0,3,0,0,1,3.0,0.0,6.0,0.0,1.0,0.0,0.0,0.0,0.0,0.0,0.0,0.0
Niger,Tahoua,2021,12,0,38,3,0,1,1,0,0,0,1,2,4.0,0.0,3.0,0.0,6.0,0.0,1.0,0.0,0.0,0.0,0.0,0.0
Niger,Tahoua,2022,1,0,0,3,0,0,1,0,0,0,3,0,3.0,0.0,4.0,0.0,3.0,0.0,6.0,0.0,1.0,0.0,0.0,0.0
Niger,Tahoua,2022,2,0,1,3,0,0,1,2,2,0,3,0,3.0,0.0,3.0,0.0,4.0,0.0,3.0,0.0,6.0,0.0,1.0,0.0
Niger,Tahoua,2022,3,2,23,0,1,0,0,1,1,1,0,0,5.0,0.0,3.0,0.0,3.0,0.0,4.0,0.0,3.0,0.0,6.0,0.0
Niger,Tahoua,2022,4,2,2,4,0,0,2,0,0,0,2,2,2.0,2.0,5.0,0.0,3.0,0.0,3.0,0.0,4.0,0.0,3.0,0.0
Niger,Tahoua,2022,5,0,0,3,0,0,3,0,0,0,1,2,4.0,2.0,2.0,2.0,5.0,0.0,3.0,0.0,3.0,0.0,4.0,0.0
Niger,Tahoua,2022,6,1,3,2,0,0,3,2,2,0,0,2,3.0,0.0,4.0,2.0,2.0,2.0,5.0,0.0,3.0,0.0,3.0,0.0
Niger,Tahoua,2022,7,6,3,12,0,0,7,4,2,0,6,6,4.0,1.0,3.0,0.0,4.0,2.0,2.0,2.0,5.0,0.0,3.0,0.0
Niger,Tahoua,2022,8,6,4,13,0,0,9,2,2,0,6,7,14.0,6.0,4.0,1.0,3.0,0.0,4.0,2.0,2.0,2.0,5.0,0.0
Niger,Tahoua,2022,9,0,3,10,0,0,11,0,0,0,4,7,15.0,6.0,14.0,6.0,4.0,1.0,3.0,0.0,4.0,2.0,2.0,2.0
Niger,Tahoua,2022,10,2,2,17,0,1,16,0,1,0,9,8,11.0,0.0,15.0,6.0,14.0,6.0,4.0,1.0,3.0,0.0,4.0,2.0
Niger,Tahoua,2022,11,1,1,6,0,1,4,0,0,0,1,5,18.0,2.0,11.0,0.0,15.0,6.0,14.0,6.0,4.0,1.0,3.0,0.0
Niger,Tahoua,2022,12,7,5,10,0,0,3,0,0,0,6,4,6.0,1.0,18.0,2.0,11.0,0.0,15.0,6.0,14.0,6.0,4.0,1.0
Niger,Tahoua,2023,1,6,13,8,0,0,4,4,3,0,5,3,10.0,7.0,6.0,1.0,18.0,2.0,11.0,0.0,15.0,6.0,14.0,6.0
Niger,Tahoua,2023,2,4,15,7,0,1,3,0,1,0,3,4,11.0,6.0,10.0,7.0,6.0,1.0,18.0,2.0,11.0,0.0,15.0,6.0
Niger,Tahoua,2023,3,2,0,3,0,0,1,0,0,0,1,2,8.0,4.0,11.0,6.0,10.0,7.0,6.0,1.0,18.0,2.0,11.0,0.0
Niger,Tahoua,2023,4,0,0,1,0,0,1,0,0,0,1,0,3.0,2.0,8.0,4.0,11.0,6.0,10.0,7.0,6.0,1.0,18.0,2.0
Niger,Tahoua,2023,5,2,1,5,0,0,3,0,0,0,1,4,1.0,0.0,3.0,2.0,8.0,4.0,11.0,6.0,10.0,7.0,6.0,1.0
Niger,Tahoua,2023,6,1,1,3,0,0,3,1,0,0,3,1,5.0,2.0,1.0,0.0,3.0,2.0,8.0,4.0,11.0,6.0,10.0,7.0
Niger,Tahoua,2023,7,4,0,5,0,0,1,0,0,0,5,0,4.0,1.0,5.0,2.0,1.0,0.0,3.0,2.0,8.0,4.0,11.0,6.0
Niger,Tahoua,2023,9,1,1,1,0,1,0,0,0,0,1,1,5.0,4.0,4.0,1.0,5.0,2.0,1.0,0.0,3.0,2.0,8.0,4.0
Niger,Tahoua,2023,10,7,63,2,0,0,1,4,2,0,7,0,2.0,1.0,5.0,4.0,4.0,1.0,5.0,2.0,1.0,0.0,3.0,2.0
Niger,Tahoua,2023,11,20,1,10,0,0,2,0,0,0,20,2,9.0,7.0,2.0,1.0,5.0,4.0,4.0,1.0,5.0,2.0,1.0,0.0
Niger,Tahoua,2023,12,3,0,0,0,0,1,2,1,0,3,0,22.0,20.0,9.0,7.0,2.0,1.0,5.0,4.0,4.0,1.0,5.0,2.0
Niger,Tahoua,2024,1,9,5,10,0,0,4,1,1,0,6,6,4.0,3.0,22.0,20.0,9.0,7.0,2.0,1.0,5.0,4.0,4.0,1.0
Niger,Tahoua,2024,2,7,2,7,0,0,2,1,1,0,5,3,13.0,9.0,4.0,3.0,22.0,20.0,9.0,7.0,2.0,1.0,5.0,4.0
Niger,Tahoua,2024,3,11,11,13,0,0,4,2,1,1,12,1,9.0,7.0,13.0,9.0,4.0,3.0,22.0,20.0,9.0,7.0,2.0,1.0
Niger,Tahoua,2024,4,2,2,2,0,0,2,2,2,0,2,0,15.0,11.0,9.0,7.0,13.0,9.0,4.0,3.0,22.0,20.0,9.0,7.0
Niger,Tillaberi,2021,6,4,35,13,0,0,1,6,0,4,5,9,0.0,0.0,0.0,0.0,0.0,0.0,0.0,0.0,0.0,0.0,0.0,0.0
Niger,Tillaberi,2021,7,7,123,14,0,3,0,4,6,0,5,10,18.0,4.0,0.0,0.0,0.0,0.0,0.0,0.0,0.0,0.0,0.0,0.0
Niger,Tillaberi,2021,8,2,90,6,0,1,0,3,1,3,0,6,21.0,7.0,18.0,4.0,0.0,0.0,0.0,0.0,0.0,0.0,0.0,0.0
Niger,Tillaberi,2021,9,1,12,1,0,0,0,2,1,1,0,1,10.0,2.0,21.0,7.0,18.0,4.0,0.0,0.0,0.0,0.0,0.0,0.0
Niger,Tillaberi,2021,10,7,81,11,1,1,2,8,5,6,2,9,3.0,1.0,10.0,2.0,21.0,7.0,18.0,4.0,0.0,0.0,0.0,0.0
Niger,Tillaberi,2021,11,4,86,5,0,1,0,2,2,1,4,1,22.0,7.0,3.0,1.0,10.0,2.0,21.0,7.0,18.0,4.0,0.0,0.0
Niger,Tillaberi,2021,12,11,125,13,6,6,1,4,10,6,3,9,8.0,4.0,22.0,7.0,3.0,1.0,10.0,2.0,21.0,7.0,18.0,4.0
Niger,Tillaberi,2022,1,7,35,17,0,1,0,4,3,2,9,9,28.0,11.0,8.0,4.0,22.0,7.0,3.0,1.0,10.0,2.0,21.0,7.0
Niger,Tillaberi,2022,2,5,38,9,2,2,4,5,6,2,6,4,23.0,7.0,28.0,11.0,8.0,4.0,22.0,7.0,3.0,1.0,10.0,2.0
Niger,Tillaberi,2022,3,8,50,8,1,0,4,5,4,1,3,6,18.0,5.0,23.0,7.0,28.0,11.0,8.0,4.0,22.0,7.0,3.0,1.0
Niger,Tillaberi,2022,4,27,33,21,0,0,0,6,3,2,13,9,14.0,8.0,18.0,5.0,23.0,7.0,28.0,11.0,8.0,4.0,22.0,7.0
Niger,Tillaberi,2022,5,24,94,22,0,0,2,4,2,1,9,14,27.0,27.0,14.0,8.0,18.0,5.0,23.0,7.0,28.0,11.0,8.0,4.0
Niger,Tillaberi,2022,6,29,107,20,1,1,2,8,7,4,11,9,26.0,24.0,27.0,27.0,14.0,8.0,18.0,5.0,23.0,7.0,28.0,11.0
Niger,Tillaberi,2022,7,32,28,25,0,3,0,4,7,0,9,16,31.0,29.0,26.0,24.0,27.0,27.0,14.0,8.0,18.0,5.0,23.0,7.0
Niger,Tillaberi,2022,8,18,34,17,1,0,5,5,6,0,6,11,32.0,32.0,31.0,29.0,26.0,24.0,27.0,27.0,14.0,8.0,18.0,5.0
Niger,Tillaberi,2022,9,26,15,27,0,0,7,6,5,0,17,11,23.0,18.0,32.0,32.0,31.0,29.0,26.0,24.0,27.0,27.0,14.0,8.0
Niger,Tillaberi,2022,10,52,80,42,0,6,2,18,14,2,23,21,33.0,26.0,23.0,18.0,32.0,32.0,31.0,29.0,26.0,24.0,27.0,27.0
Niger,Tillaberi,2022,11,26,36,25,2,1,2,4,3,2,13,13,60.0,52.0,33.0,26.0,23.0,18.0,32.0,32.0,31.0,29.0,26.0,24.0
Niger,Tillaberi,2022,12,38,51,39,2,0,10,8,4,4,23,17,31.0,26.0,60.0,52.0,33.0,26.0,23.0,18.0,32.0,32.0,31.0,29.0
Niger,Tillaberi,2023,1,19,26,21,0,2,3,4,2,1,9,13,48.0,38.0,31.0,26.0,60.0,52.0,33.0,26.0,23.0,18.0,32.0,32.0
Niger,Tillaberi,2023,2,22,32,16,0,0,0,6,5,0,5,12,25.0,19.0,48.0,38.0,31.0,26.0,60.0,52.0,33.0,26.0,23.0,18.0
Niger,Tillaberi,2023,3,40,10,26,0,0,0,12,7,2,20,11,22.0,22.0,25.0,19.0,48.0,38.0,31.0,26.0,60.0,52.0,33.0,26.0
Niger,Tillaberi,2023,4,24,29,20,0,2,1,7,5,2,12,9,40.0,40.0,22.0,22.0,25.0,19.0,48.0,38.0,31.0,26.0,60.0,52.0
Niger,Tillaberi,2023,5,26,35,19,0,1,1,10,7,1,9,12,28.0,24.0,40.0,40.0,22.0,22.0,25.0,19.0,48.0,38.0,31.0,26.0
Niger,Tillaberi,2023,6,29,38,16,0,3,0,12,10,0,12,8,29.0,26.0,28.0,24.0,40.0,40.0,22.0,22.0,25.0,19.0,48.0,38.0
Niger,Tillaberi,2023,7,21,30,15,0,0,2,10,8,1,8,8,30.0,29.0,29.0,26.0,28.0,24.0,40.0,40.0,22.0,22.0,25.0,19.0
Niger,Tillaberi,2023,8,22,160,20,0,4,0,6,5,1,4,16,25.0,21.0,30.0,29.0,29.0,26.0,28.0,24.0,40.0,40.0,22.0,22.0
Niger,Tillaberi,2023,9,30,64,19,0,0,0,10,8,2,12,8,26.0,22.0,25.0,21.0,30.0,29.0,29.0,26.0,28.0,24.0,40.0,40.0
Niger,Tillaberi,2023,10,37,94,28,1,1,0,11,8,2,21,13,30.0,30.0,26.0,22.0,25.0,21.0,30.0,29.0,29.0,26.0,28.0,24.0
Niger,Tillaberi,2023,11,58,43,26,0,1,1,16,9,6,36,8,44.0,37.0,30.0,30.0,26.0,22.0,25.0,21.0,30.0,29.0,29.0,26.0
Niger,Tillaberi,2023,12,23,197,9,0,0,0,15,0,13,6,6,59.0,58.0,44.0,37.0,30.0,30.0,26.0,22.0,25.0,21.0,30.0,29.0
Niger,Tillaberi,2024,1,36,230,13,0,4,2,25,7,16,11,7,25.0,23.0,59.0,58.0,44.0,37.0,30.0,30.0,26.0,22.0,25.0,21.0
Niger,Tillaberi,2024,2,41,71,25,0,2,0,16,6,8,13,16,41.0,36.0,25.0,23.0,59.0,58.0,44.0,37.0,30.0,30.0,26.0,22.0
Niger,Tillaberi,2024,3,33,91,18,0,0,2,18,9,7,13,7,43.0,41.0,41.0,36.0,25.0,23.0,59.0,58.0,44.0,37.0,30.0,30.0
Niger,Tillaberi,2024,4,28,57,18,0,0,1,10,4,6,10,9,36.0,33.0,43.0,41.0,41.0,36.0,25.0,23.0,59.0,58.0,44.0,37.0
Niger,Zinder,2022,8,0,1,1,0,1,2,0,1,0,0,1,0.0,0.0,0.0,0.0,0.0,0.0,0.0,0.0,0.0,0.0,0.0,0.0
Niger,Zinder,2022,9,0,0,1,0,0,1,0,0,0,0,1,2.0,0.0,0.0,0.0,0.0,0.0,0.0,0.0,0.0,0.0,0.0,0.0
Niger,Zinder,2022,10,0,0,2,0,0,2,0,0,0,2,0,1.0,0.0,2.0,0.0,0.0,0.0,0.0,0.0,0.0,0.0,0.0,0.0
Niger,Zinder,2022,11,0,0,0,0,0,2,2,2,0,0,0,2.0,0.0,1.0,0.0,2.0,0.0,0.0,0.0,0.0,0.0,0.0,0.0
Niger,Zinder,2022,12,0,2,0,0,2,0,0,1,0,0,0,2.0,0.0,2.0,0.0,1.0,0.0,2.0,0.0,0.0,0.0,0.0,0.0
Niger,Zinder,2023,1,0,0,2,0,0,2,0,0,0,2,0,1.0,0.0,2.0,0.0,2.0,0.0,1.0,0.0,2.0,0.0,0.0,0.0
Niger,Zinder,2023,5,0,0,1,0,0,1,0,0,0,1,0,2.0,0.0,1.0,0.0,2.0,0.0,2.0,0.0,1.0,0.0,2.0,0.0
Niger,Zinder,2023,6,0,0,0,0,0,0,2,1,0,0,0,1.0,0.0,2.0,0.0,1.0,0.0,2.0,0.0,2.0,0.0,1.0,0.0
Niger,Zinder,2024,1,0,1,0,0,0,1,1,1,0,0,0,1.0,0.0,1.0,0.0,2.0,0.0,1.0,0.0,2.0,0.0,2.0,0.0
Niger,Zinder,2024,2,0,0,0,0,0,1,1,0,0,1,0,1.0,0.0,1.0,0.0,1.0,0.0,2.0,0.0,1.0,0.0,2.0,0.0
